EXTRACT_DE,ORG_CAR_MAKER_KOR,TRVL,USE_YEAR
20180701,Chevrolet,275000,17.4
20161101,BMW,224000,14.3
20191201,BMW,209000,13.3
20171201,벤츠,226000,14.3
20230901,볼보,227000,16.0
20210701,벤츠,229000,14.8
20230201,BMW,221000,14.5
20190501,혼다,209000,11.7
20230501,닷지,162000,16.2
20171201,혼다,179000,10.6
20150901,혼다,179000,8.7
20160501,BMW,236000,13.3
20180501,BMW,219000,14.3
20210801,렉서스,222000,15.6
20230901,크라이슬러,207000,14.7
20230501,포드,194000,13.1
20190201,포드,201000,13.0
20170301,미쓰비시,165000,12.0
20160901,혼다,162000,9.8
20201201,아우디,199000,12.2
20221101,혼다,204000,14.6
20151101,Chevrolet,188000,12.8
20240201,렉서스,230000,16.0
20210601,아우디,200000,13.2
20210601,포드,193000,13.0
20171201,미쓰비시,260000,11.2
20210701,지프,220000,14.4
20211201,렉서스,230000,15.2
20210101,혼다,213000,13.1
20161001,볼보,187000,13.4
20170301,토요타,190000,13.1
20180801,혼다,216000,11.3
20200201,닷지,224000,19.0
20210801,혼다,213000,13.6
20201001,폭스바겐,200000,11.6
20160401,포드,186000,13.5
20240201,폭스바겐,209000,13.0
20200601,포드,195000,12.5
20220501,지프,254000,15.0
20220801,포드,185000,13.0
20200701,크라이슬러,194000,13.2
20170301,닷지,205000,15.8
20180701,포드,185000,13.3
20180301,포르쉐,134000,9.4
20231101,아큐라,158000,13.5
20160901,볼보,210000,14.8
20160801,볼보,199000,15.9
20160501,이글,290000,18.4
20171001,닷지,231000,15.5
20190301,닷지,211000,17.5
20190801,지프,236000,15.3
20231201,혼다,222000,14.8
20191101,볼보,222000,14.7
20230601,포드,189000,12.6
20220601,지프,228000,14.3
20201001,혼다,219000,12.6
20220501,닷지,211000,17.0
20240501,닷지,190000,19.4
20210901,닷지,197000,16.6
20211201,지프,234000,14.5
20230301,BMW,217000,14.6
20240301,캐딜락,176000,14.5
20160601,혼다,215000,8.8
20231001,혼다,211000,14.6
20240101,닛산,180000,12.2
20230701,포드,196000,12.6
20220601,아우디,211000,13.5
20220601,크라이슬러,200000,14.4
20220101,토요타,203000,11.2
20230701,닛산,184000,12.2
20210501,BMW,219000,14.5
20200801,폭스바겐,210000,11.7
20211201,혼다,206000,13.4
20180301,혼다,204000,10.8
20151001,렉서스,206000,10.2
20190801,폭스바겐,203000,11.3
20180501,혼다,183000,11.1
20200701,재규어,178000,12.1
20230301,혼다,220000,14.9
20240101,토요타,209000,11.9
20231001,닛산,177000,12.6
20211201,닛산,199000,11.4
20221201,닛산,182000,11.8
20200901,인피니티,185000,12.1
20230401,토요타,209000,11.3
20200701,닛산,155000,10.7
20240401,렉서스,230000,16.8
20170501,랜드로버,206000,11.6
20230601,토요타,177000,11.1
20231201,재규어,197000,11.5
20231101,BMW,218000,13.8
20160501,혼다,180000,10.3
20220401,토요타,192000,10.9
20171001,혼다,183000,10.7
20230901,혼다,221000,14.9
20220701,토요타,197000,11.4
20231101,닷지,215000,14.1
20210901,토요타,205000,12.4
20180301,닛산,178000,9.0
20180101,스즈키,147000,6.3
20231101,폭스바겐,214000,13.1
20240601,볼보,230000,16.0
20181001,BMW,216000,13.8
20230701,미쓰비시,162000,14.0
20210301,벤츠,229000,15.0
20200901,재규어,196000,11.2
20200901,폭스바겐,216000,11.9
20200501,토요타,184000,12.8
20150701,벤츠,228000,14.6
20210301,아우디,210000,13.1
20220401,아우디,213000,13.4
20210301,폭스바겐,211000,12.2
20210801,랜드로버,240000,14.2
20170601,폭스바겐,187000,10.9
20210401,벤츠,223000,14.7
20230501,아큐라,225000,10.4
20180301,토요타,167000,10.4
20151001,BMW,223000,14.1
20171001,벤츠,232000,14.1
20220401,렉서스,229000,16.0
20180801,벤츠,213000,14.3
20190301,렉서스,230000,13.0
20160201,벤츠,225000,14.0
20160201,인피니티,147000,8.5
20230301,인피니티,202000,13.9
20220801,볼보,207000,13.6
20150701,토요타,194000,14.2
20190301,폭스바겐,214000,10.6
20190401,아우디,184000,12.6
20180601,BMW,220000,14.6
20210701,폭스바겐,217000,12.1
20190801,랜드로버,227000,12.4
20180301,스바루,281000,9.5
20181001,인피니티,192000,10.7
20180501,벤츠,208000,14.1
20180101,아큐라,172000,11.1
20190801,아큐라,199000,10.3
20210801,닛산,189000,11.4
20190801,볼보,206000,14.8
20220801,렉서스,221000,14.6
20161201,포드,185000,13.3
20201001,렉서스,239000,15.2
20170701,아우디,203000,13.8
20211101,미니,149000,12.0
20180201,벤츠,232000,14.0
20221101,크라이슬러,202000,14.7
20150701,미니,147000,7.4
20201101,푸조,203000,12.1
20211001,머큐리,169000,18.2
20240101,시트로엥,219000,9.7
20221001,마쯔다,166000,11.3
20190901,볼보,223000,14.9
20190101,렉서스,219000,12.8
20210701,마쯔다,141000,6.6
20210701,미쓰비시,228000,12.2
20230501,볼보,234000,15.5
20220701,인피니티,198000,14.0
20220601,미쓰비시,196000,10.6
20160901,벤츠,223000,14.2
20200101,미니,140000,10.9
20201101,크라이슬러,207000,13.7
20220501,Chevrolet,154000,22.4
20230201,캐딜락,203000,14.0
20221201,닷지,219000,15.2
20200301,푸조,214000,12.5
20230101,닛산,177000,11.9
20160801,크라이슬러,180000,12.9
20190301,벤츠,237000,13.9
20221001,토요타,207000,12.0
20201001,푸조,203000,12.0
20190601,미쓰비시,139000,11.3
20200701,마쯔다,184000,13.3
20211101,벤츠,223000,14.5
20211101,포드,186000,12.7
20230101,랜드로버,228000,11.0
20170901,지프,234000,16.4
20240201,아우디,206000,13.4
20180401,GEO,290000,15.5
20190501,Chevrolet,190000,18.4
20180101,닛산,168000,9.2
20221101,포드,189000,12.7
20160501,닛산,165000,7.6
20170601,아우디,207000,12.6
20181201,벤츠,209000,13.6
20220901,재규어,204000,11.6
20240101,미니,160000,12.8
20191001,닷지,186000,15.6
20161101,닛산,145000,8.6
20201201,스바루,215000,8.2
20180601,폭스바겐,203000,10.7
20190801,인피니티,152000,10.9
20160501,미니,169000,7.8
20190301,볼보,219000,14.5
20181001,크라이슬러,186000,12.4
20210201,캐딜락,160000,13.6
20170901,크라이슬러,204000,12.6
20230801,스마트,222000,16.7
20230901,인피니티,196000,13.9
20190501,렉서스,218000,13.0
20191201,스바루,168000,13.5
20150801,오펠,210000,6.8
20240301,포드,195000,13.3
20210101,링컨,206000,12.9
20160201,크라이슬러,189000,11.6
20220701,스바루,260000,11.7
20180301,닷지,216000,16.1
20221201,포드,182000,12.8
20160801,미쓰비시,229000,10.5
20190101,포드,215000,13.0
20230101,마쯔다,205000,16.8
20180801,크라이슬러,171000,12.9
20190701,아큐라,208000,8.1
20180501,지프,226000,13.0
20180201,미니,125000,10.6
20240601,닛산,182000,13.1
20240601,크라이슬러,199000,15.3
20220801,마쯔다,180000,9.3
20191201,스마트,110000,7.3
20160401,볼보,202000,14.3
20150701,폭스바겐,199000,9.8
20161201,마쯔다,335000,9.3
20240301,크라이슬러,206000,14.5
20160601,미쓰비시,185000,12.5
20160101,스바루,123000,9.4
20160101,BMW,217000,13.7
20170101,BMW,211000,14.3
20200801,마쯔다,267000,7.9
20231201,미니,155000,12.8
20210801,미니,144000,11.6
20221101,미니,157000,12.9
20170801,미니,121000,11.3
20210201,미니,162000,11.7
20220301,미니,171000,12.0
20190101,미니,116000,9.8
20190401,스바루,134000,10.1
20160601,벤츠,231000,13.9
20230501,캐딜락,184000,13.8
20170801,지프,192000,14.3
20160201,미니,133000,10.5
20160901,미니,118000,10.2
20220901,지프,217000,13.8
20200401,랜드로버,251000,14.2
20170801,아우디,217000,12.8
20180601,아우디,208000,13.1
20221001,시트로엥,179000,9.7
20230801,시트로엥,197000,10.1
20201201,시트로엥,153000,6.1
20180101,크라이슬러,192000,12.2
20200201,크라이슬러,190000,13.4
20210401,크라이슬러,200000,14.1
20230501,크라이슬러,217000,14.5
20190501,크라이슬러,207000,12.4
20240601,지프,215000,13.9
20200401,링컨,197000,12.9
20210701,링컨,197000,13.2
20170701,링컨,197000,13.0
20220201,링컨,182000,13.4
20240201,링컨,189000,12.9
20201101,링컨,206000,12.0
20220601,링컨,202000,13.4
20230101,링컨,193000,12.3
20220301,시트로엥,102000,9.2
20201101,시트로엥,162000,7.9
20220201,포르쉐,144000,13.6
20220701,지프,213000,12.6
20210501,지프,248000,14.3
20170701,지프,291000,14.9
20200301,지프,256000,13.7
20200901,지프,234000,13.9
20170301,크라이슬러,186000,12.2
20180801,캐딜락,182000,13.2
20170701,캐딜락,202000,12.8
20170401,캐딜락,206000,13.6
20160701,캐딜락,144000,13.5
20160901,캐딜락,180000,12.0
20220901,캐딜락,182000,13.3
20160401,캐딜락,176000,12.5
20191101,캐딜락,168000,12.2
20221001,캐딜락,189000,13.6
20220301,캐딜락,174000,13.7
20160101,폭스바겐,201000,9.0
20180201,푸조,196000,10.8
20211001,푸조,190000,12.4
20171101,푸조,185000,11.0
20160301,푸조,208000,12.0
20220401,푸조,206000,12.6
20200601,푸조,196000,12.3
20190201,푸조,195000,10.9
20240101,푸조,198000,11.6
20230801,푸조,200000,12.3
20181101,포르쉐,112000,11.6
20230801,피아트,145000,8.9
20191001,사브,183000,16.2
20171101,사브,186000,14.8
20240301,사브,196000,20.2
20211001,사브,172000,18.1
20180301,사브,180000,15.4
20201101,사브,213000,16.8
20200801,사브,185000,16.4
20210901,사브,201000,19.1
20170101,사브,209000,18.3
20220101,사브,205000,19.5
20190101,사브,194000,18.8
20160501,사브,194000,14.0
20150701,사브,224000,16.3
20220701,사브,201000,18.1
20221101,사브,182000,17.5
20160401,푸조,197000,10.2
20190601,푸조,209000,11.7
20200401,닷지,168000,11.5
20160801,사브,200000,16.5
20180501,사브,221000,17.8
20160301,닷지,220000,17.5
20160201,포드,180000,13.9
20220401,피아트,112000,8.4
20231001,피아트,176000,9.8
20200301,재규어,185000,11.2
20171001,재규어,158000,9.3
20191101,재규어,173000,12.8
20210201,재규어,213000,11.8
20170601,재규어,171000,9.1
20160601,볼보,200000,14.7
20210601,볼보,217000,15.0
20190201,렉서스,231000,13.5
20180601,렉서스,229000,13.3
20220401,재규어,221000,12.1
20170501,재규어,154000,8.5
20200201,랜드로버,208000,16.5
20220601,랜드로버,257000,14.1
20191101,랜드로버,233000,14.7
20230301,랜드로버,236000,12.9
20181201,랜드로버,246000,15.1
20200601,랜드로버,239000,14.4
20161201,혼다,208000,12.4
20201001,랜드로버,266000,15.4
20171101,랜드로버,202000,12.4
20170201,재규어,208000,10.0
20151001,재규어,271000,9.4
20240301,FOTON,162000,7.3
20230401,마세라티,148000,8.3
20230801,마세라티,129000,8.9
20220101,마세라티,167000,7.0
20230301,포르쉐,149000,8.7
20190901,인피니티,188000,11.6
20220201,인피니티,194000,13.1
20170601,인피니티,156000,9.5
20160401,인피니티,198000,8.6
20190601,인피니티,183000,10.5
20220901,스바루,241000,11.0
20230201,스바루,239000,11.7
20230301,스바루,227000,12.0
20190301,스바루,268000,7.3
20220401,스바루,212000,10.2
20231001,스바루,226000,12.6
20230101,스바루,153000,11.8
20181201,스바루,100000,7.9
20170201,스바루,235000,5.3
20230901,닛산,185000,12.5
20230301,닛산,196000,11.8
20170901,닛산,200000,8.6
20180201,포르쉐,205000,10.5
20180301,랜드로버,161000,10.8
20240301,포르쉐,165000,15.0
20190901,포르쉐,116000,5.7
20191001,미쓰비시,142000,8.8
20230501,미쓰비시,149000,15.3
20211101,미쓰비시,149000,13.3
20211201,미쓰비시,138000,12.2
20200201,미쓰비시,179000,10.2
20230701,북기은상,131000,6.4
20230801,북기은상,118000,5.6
20231001,북기은상,148000,5.8
20190401,포르쉐,147000,7.9
20220501,마세라티,140000,8.3
20210201,로버,189000,13.8
20180301,Chevrolet,228000,18.0
20200601,스마트,136000,12.4
20200901,스마트,142000,13.7
20210201,스마트,150000,13.0
20240401,스마트,217000,19.1
20230901,스마트,157000,14.0
20230201,스마트,186000,13.5
20200201,스마트,151000,15.2
20210301,스마트,190000,12.6
20191001,다이하쓰,106000,12.1
20150801,닛산,147000,6.5
20170501,이글,194000,20.2
20210901,Chevrolet,102000,23.9
20190801,Chevrolet,257000,22.8
20240401,마쯔다,191000,21.8
20181201,시트로엥,202000,22.8
20150701,시트로엥,172000,18.2
20171201,시트로엥,159000,20.3
20191001,피아트,127000,23.4
20170801,란치아,137000,20.7
20180101,란치아,142000,21.3
20160401,뷰익,216000,19.4
20191101,이글,273000,24.8
20240101,이글,130000,28.5
20201201,마쯔다,160000,26.2
20160801,Chevrolet,128000,21.4
20170101,미쓰비시,121000,20.9
20171001,시트로엥,206000,21.8
20151001,머큐리,176000,20.6
20150901,머큐리,231000,21.8
20220101,머큐리,158000,27.4
20150701,머큐리,213000,19.4
20160601,머큐리,184000,21.0
20170801,머큐리,113000,22.8
20210101,Chevrolet,131000,12.2
20171001,포르쉐,153000,11.1
20170701,벤틀리,226000,8.6
20211101,다이하쓰,117000,12.9
20170601,플리머스,101000,16.3
20230701,뷰익,133000,25.8
20190901,이스즈,160000,22.9
20200101,마쯔다,221000,18.0
20180301,스즈키,177000,9.4
20210701,다이하쓰,151000,10.8
20180701,이스즈,180000,15.9
20220501,스마트,121000,13.8
20221001,스마트,149000,10.9
20191101,아큐라,231000,9.9
20221101,스즈키,109000,7.2
20170901,포드,202000,13.4
20240101,닷지,219000,15.3
20210801,볼보,229000,14.3
20191201,혼다,199000,12.4
20231101,폰티악,172000,22.2
20170901,링컨,206000,14.0
20221201,렉서스,228000,15.9
20180401,닷지,223000,15.7
20171201,지프,234000,15.1
20170801,닷지,250000,17.9
20231001,폭스바겐,220000,13.1
20200901,BMW,214000,13.1
20230901,폭스바겐,220000,13.4
20220601,BMW,212000,14.6
20210601,재규어,201000,12.0
20221001,벤츠,220000,14.9
20211201,벤츠,224000,15.1
20190701,닷지,176000,14.7
20191201,Chevrolet,239000,17.3
20180801,사브,181000,15.2
20200801,닷지,219000,14.5
20220501,BMW,222000,14.7
20191101,혼다,199000,11.8
20220701,벤츠,228000,15.0
20231101,토요타,194000,12.0
20180801,BMW,211000,13.5
20210301,BMW,215000,14.3
20190601,토요타,194000,10.5
20170601,혼다,173000,10.5
20211201,Chevrolet,185000,8.1
20190101,폰티악,167000,14.1
20160601,지프,212000,14.2
20201001,벤츠,225000,14.3
20181001,볼보,221000,14.5
20240501,혼다,215000,15.7
20240301,링컨,203000,13.5
20190401,혼다,202000,11.6
20200101,벤츠,213000,13.3
20210101,지프,208000,14.5
20151101,마쯔다,142000,23.9
20180101,혼다,187000,10.3
20160301,포드,189000,14.2
20160701,크라이슬러,172000,11.5
20230901,토요타,199000,11.9
20170501,토요타,188000,13.7
20181201,지프,230000,14.0
20170501,포드,184000,13.4
20151001,크라이슬러,175000,12.3
20190301,혼다,197000,11.1
20190301,BMW,220000,14.0
20211001,미니,151000,11.6
20210401,렉서스,216000,15.3
20160801,폰티악,154000,18.7
20210601,토요타,203000,12.5
20161001,뷰익,137000,10.1
20190601,닷지,179000,16.3
20171001,푸조,192000,10.2
20220101,스즈키,149000,9.8
20230101,혼다,201000,14.2
20211101,닛산,182000,11.4
20211101,혼다,204000,13.7
20180201,볼보,218000,15.3
20200901,렉서스,221000,14.1
20160301,BMW,222000,14.0
20210201,벤츠,229000,14.6
20160301,혼다,161000,12.7
20230501,미니,153000,13.4
20181101,폭스바겐,188000,10.5
20191201,토요타,184000,10.3
20201201,토요타,188000,12.1
20220701,폭스바겐,226000,12.6
20210401,폭스바겐,209000,11.7
20211001,크라이슬러,202000,13.6
20170301,폭스바겐,186000,11.3
20200701,볼보,225000,14.2
20170601,토요타,190000,12.1
20231201,벤츠,220000,14.7
20220101,아우디,203000,13.1
20240301,토요타,226000,13.1
20220101,벤츠,231000,14.4
20200201,폭스바겐,196000,11.2
20191201,인피니티,188000,11.9
20200901,아우디,202000,12.4
20170601,아큐라,234000,9.8
20200801,토요타,194000,10.6
20231101,인피니티,221000,14.1
20210501,사브,190000,17.1
20220301,아큐라,228000,12.0
20220701,혼다,216000,14.0
20201001,아우디,195000,12.5
20210701,미니,151000,12.4
20170701,혼다,161000,10.4
20160701,닛산,200000,8.2
20220201,렉서스,226000,15.2
20230401,크라이슬러,213000,14.5
20171101,혼다,163000,10.5
20200201,벤츠,218000,14.1
20240501,아큐라,134000,13.5
20181201,볼보,209000,14.4
20220801,테슬라,101000,5.0
20170101,토요타,165000,14.7
20220501,폭스바겐,217000,12.8
20240201,BMW,217000,14.2
20191201,벤츠,230000,13.6
20190701,아우디,199000,12.3
20190101,스바루,178000,7.5
20200701,인피니티,182000,11.2
20200401,혼다,205000,12.3
20170201,혼다,186000,9.7
20240301,렉서스,234000,16.6
20170401,인피니티,155000,7.9
20240601,포르쉐,187000,14.0
20160201,캐딜락,157000,11.8
20200801,아우디,190000,11.7
20151101,벤츠,208000,13.2
20160201,렉서스,217000,10.7
20210901,BMW,219000,14.3
20190901,지프,217000,11.7
20181201,크라이슬러,180000,12.6
20160801,BMW,215000,14.3
20240401,인피니티,197000,14.4
20180401,혼다,179000,10.4
20210101,랜드로버,197000,12.9
20230801,미니,156000,12.8
20161201,닛산,139000,8.3
20231001,포르쉐,163000,12.4
20180601,벤츠,230000,13.9
20200301,폭스바겐,214000,11.6
20180701,닛산,164000,9.8
20161201,크라이슬러,191000,12.3
20210601,크라이슬러,206000,14.3
20170701,BMW,217000,13.5
20230701,미니,162000,12.4
20231001,마쯔다,145000,22.0
20220401,닛산,210000,11.3
20210301,링컨,196000,13.5
20180201,랜드로버,189000,13.4
20190701,BMW,212000,13.8
20190601,벤츠,233000,14.1
20200401,벤츠,227000,13.8
20170601,마쯔다,156000,11.3
20230801,스즈키,190000,8.3
20231001,아큐라,203000,15.0
20160101,포드,203000,12.8
20161201,미쓰비시,153000,10.1
20231201,지프,222000,14.1
20161101,크라이슬러,188000,12.3
20190501,닷지,208000,16.0
20210801,캐딜락,134000,13.8
20161201,렉서스,206000,11.4
20170901,벤츠,219000,13.5
20220401,지프,263000,14.5
20181101,푸조,196000,11.6
20160501,링컨,158000,12.9
20170801,벤츠,209000,13.7
20230801,링컨,184000,13.7
20200101,BMW,217000,13.7
20230701,스바루,213000,11.4
20191001,크라이슬러,207000,13.5
20220301,푸조,191000,12.4
20190501,닛산,162000,9.6
20210801,아큐라,308000,15.2
20160401,재규어,266000,6.8
20180201,폭스바겐,195000,10.7
20240201,다이하쓰,129000,12.8
20210601,인피니티,197000,12.5
20170801,사이언,163000,10.0
20151201,혼다,185000,9.9
20160101,렉서스,168000,10.5
20200801,아큐라,183000,16.1
20220301,크라이슬러,209000,14.3
20151101,크라이슬러,220000,12.0
20210301,재규어,210000,11.6
20170501,미쓰비시,172000,11.8
20170101,Chevrolet,290000,8.4
20200301,포르쉐,135000,9.0
20161201,닷지,219000,16.6
20210501,포드,211000,13.4
20200501,뷰익,160000,8.9
20220901,닷지,262000,17.3
20221001,볼보,222000,15.3
20220701,미쓰비시,159000,9.2
20180701,닷지,260000,20.1
20200301,크라이슬러,207000,13.5
20220201,푸조,202000,12.7
20191101,아우디,195000,12.7
20191001,닛산,201000,10.6
20230301,아큐라,118000,13.5
20240101,미쓰비시,191000,14.5
20230401,머큐리,196000,11.9
20200501,포르쉐,202000,13.0
20151101,BMW,218000,13.9
20180301,미니,138000,10.8
20230601,미니,165000,12.7
20221001,미니,161000,12.8
20190301,미니,149000,10.1
20170701,미니,114000,7.8
20181201,미니,126000,10.4
20170201,미니,186000,8.7
20190901,미니,148000,11.9
20180701,스바루,254000,12.3
20210801,미쓰비시,142000,14.6
20150801,크라이슬러,172000,11.5
20230201,미쓰비시,209000,11.3
20230201,GMC,300000,5.4
20190701,미쓰비시,170000,8.0
20230801,포르쉐,240000,13.3
20160501,아우디,205000,12.3
20170901,폭스바겐,175000,11.2
20221101,시트로엥,146000,9.2
20210801,시트로엥,183000,12.1
20240301,시트로엥,162000,8.9
20220101,시트로엥,213000,9.7
20210201,시트로엥,142000,8.1
20200401,시트로엥,110000,6.0
20151001,벤츠,210000,14.5
20230801,마이바흐,152000,14.6
20210501,크라이슬러,197000,13.6
20240501,크라이슬러,207000,16.0
20190301,크라이슬러,195000,13.2
20230101,지프,233000,13.4
20180801,링컨,191000,13.1
20170401,링컨,179000,13.6
20200701,링컨,199000,12.8
20180701,링컨,213000,12.3
20190401,링컨,192000,12.6
20230401,포드,194000,13.2
20220401,링컨,219000,13.6
20150901,링컨,159000,11.7
20171001,링컨,190000,12.3
20180601,링컨,189000,13.3
20210801,링컨,204000,11.9
20180501,링컨,167000,11.5
20181001,링컨,200000,12.6
20160701,벤츠,229000,15.3
20211001,지프,233000,13.9
20220101,지프,198000,12.8
20210301,포드,212000,13.0
20210101,캐딜락,187000,14.6
20190201,캐딜락,189000,12.3
20170201,캐딜락,206000,13.5
20220501,캐딜락,204000,13.9
20230101,캐딜락,173000,12.5
20230501,푸조,208000,13.1
20230601,푸조,195000,12.6
20161101,푸조,189000,9.8
20240301,푸조,197000,13.4
20230901,푸조,203000,13.2
20190401,푸조,209000,12.0
20170101,푸조,191000,10.1
20221101,푸조,193000,12.3
20211101,푸조,203000,12.6
20240501,푸조,208000,12.6
20191101,푸조,188000,11.9
20230601,포르쉐,216000,13.5
20240301,닷지,229000,18.7
20200401,사브,208000,17.7
20190301,사브,188000,14.7
20240401,사브,212000,21.1
20171001,사브,208000,16.3
20220401,사브,206000,18.5
20220501,사브,208000,17.4
20240101,사브,232000,17.9
20231101,사브,205000,18.7
20200901,사브,213000,18.8
20230901,사브,245000,20.8
20160301,사브,247000,16.6
20150801,푸조,187000,10.1
20170101,닷지,252000,17.9
20151101,사브,209000,13.0
20220501,시트로엥,168000,6.5
20231101,캐딜락,167000,11.5
20171201,닷지,200000,19.4
20220601,피아트,119000,8.5
20220201,피아트,174000,7.8
20211201,피아트,105000,7.6
20230101,피아트,100000,9.1
20230201,피아트,153000,9.5
20201101,재규어,178000,10.2
20180801,재규어,149000,10.0
20200601,재규어,213000,11.6
20230901,재규어,197000,12.0
20220301,재규어,183000,11.7
20200101,재규어,217000,12.3
20220601,재규어,177000,12.3
20230601,재규어,193000,12.2
20181201,재규어,198000,11.7
20200501,재규어,167000,10.5
20180501,볼보,219000,13.8
20190501,볼보,225000,15.0
20220201,볼보,224000,15.7
20231201,볼보,228000,15.0
20230301,볼보,234000,15.4
20151101,렉서스,184000,10.4
20170601,렉서스,218000,12.5
20170201,렉서스,195000,11.5
20230401,재규어,202000,12.0
20150701,재규어,214000,8.6
20240401,벤틀리,221000,16.1
20231101,재규어,199000,11.7
20220201,랜드로버,266000,14.7
20230401,랜드로버,293000,14.0
20210301,랜드로버,253000,16.0
20230201,랜드로버,242000,12.3
20190501,랜드로버,224000,12.9
20231101,마세라티,108000,11.7
20220401,랜드로버,246000,16.1
20180901,랜드로버,247000,13.6
20220101,랜드로버,193000,13.4
20160901,랜드로버,273000,10.7
20180101,랜드로버,241000,14.6
20160101,랜드로버,236000,13.2
20170301,랜드로버,218000,13.0
20161101,랜드로버,188000,16.3
20181101,재규어,158000,9.6
20161101,재규어,205000,12.2
20231001,FOTON,155000,7.8
20220301,FOTON,128000,6.2
20230601,FOTON,163000,6.6
20220201,마세라티,102000,7.9
20210901,마세라티,132000,5.8
20200701,포르쉐,146000,14.5
20220801,인피니티,192000,13.3
20180501,인피니티,182000,10.8
20180701,인피니티,201000,10.6
20210201,인피니티,178000,12.0
20171101,인피니티,187000,9.4
20160101,인피니티,135000,7.2
20160801,인피니티,126000,8.3
20170801,인피니티,157000,9.5
20160301,인피니티,124000,7.6
20230701,포르쉐,194000,13.4
20220201,스바루,230000,10.9
20221201,스바루,322000,12.0
20230801,스바루,255000,11.2
20180101,스바루,178000,6.9
20180401,스바루,152000,6.7
20191001,스바루,100000,7.4
20221001,스바루,116000,9.8
20190701,스바루,120000,6.6
20180701,포르쉐,108000,10.8
20160201,닛산,141000,7.3
20170401,닛산,203000,8.4
20210501,포르쉐,180000,13.1
20200601,미쓰비시,172000,12.3
20230101,미쓰비시,177000,12.3
20210601,미쓰비시,171000,13.4
20190401,미쓰비시,148000,9.5
20211101,북기은상,220000,5.0
20220701,북기은상,207000,5.8
20240301,북기은상,161000,7.1
20240401,북기은상,107000,5.4
20230601,마세라티,138000,8.2
20190801,포르쉐,131000,7.3
20240501,쯔더우,113000,6.0
20171201,새턴,194000,12.5
20210601,스마트,140000,12.0
20230501,벤틀리,118000,16.2
20150701,스즈키,160000,8.3
20190201,스마트,132000,14.1
20161201,스마트,176000,7.9
20240301,마쯔다,144000,17.4
20191101,허머,154000,13.7
20230701,스마트,153000,18.1
20160301,스마트,277000,10.7
20200701,스마트,142000,12.3
20170201,포르쉐,112000,10.8
20190701,포르쉐,204000,12.8
20170801,포르쉐,128000,17.3
20180701,이글,247000,21.4
20150701,이글,213000,16.5
20151201,이글,292000,16.8
20160701,이글,250000,19.5
20220601,이스즈,112000,28.7
20151201,폰티악,172000,18.4
20201201,피아트,181000,26.7
20180301,이스즈,136000,23.0
20180901,스즈키,195000,21.1
20170501,폰티악,179000,22.2
20160601,폰티악,200000,22.1
20161001,폰티악,124000,20.9
20160301,란치아,171000,18.4
20160201,란치아,231000,19.6
20180801,란치아,209000,20.9
20190601,란치아,177000,21.8
20151001,뷰익,228000,19.5
20151101,뷰익,285000,18.6
20210801,마쯔다,133000,24.3
20190701,Chevrolet,164000,22.1
20170901,마쯔다,155000,23.1
20230401,Chevrolet,270000,28.2
20181001,시트로엥,220000,21.3
20160201,시트로엥,302000,15.8
20190801,머큐리,162000,28.8
20180601,머큐리,154000,23.4
20200401,머큐리,160000,24.7
20230501,머큐리,252000,28.4
20191201,머큐리,103000,24.3
20230801,뷰익,167000,32.5
20240401,오펠,165000,20.3
20160201,포르쉐,117000,13.5
20190801,오펠,136000,17.2
20210301,Chevrolet,144000,6.3
20210101,뷰익,241000,17.8
20240201,벤틀리,194000,15.3
20160701,다이하쓰,113000,13.5
20190401,오펠,125000,15.6
20240601,다이하쓰,148000,15.9
20221201,GEO,184000,20.3
20220801,스즈키,135000,9.8
20231001,허머,106000,8.8
20180701,폰티악,132000,19.3
20190901,다이하쓰,129000,10.5
20221101,사이언,126000,14.2
20231201,다이하쓰,133000,14.8
20170601,포르쉐,110000,5.6
20210401,BMW,216000,14.8
20220501,링컨,200000,13.1
20210601,혼다,213000,13.1
20211201,토요타,207000,11.0
20190901,Chevrolet,213000,14.1
20190701,토요타,176000,10.2
20200801,벤츠,217000,13.6
20171001,Chevrolet,125000,13.4
20210101,아큐라,255000,10.7
20170201,포드,176000,14.1
20200601,닷지,183000,15.1
20171101,GMC,205000,13.3
20240301,닛산,191000,12.8
20230201,폭스바겐,221000,12.7
20160301,폭스바겐,184000,9.9
20230101,포드,187000,12.8
20180701,토요타,188000,12.5
20170201,닷지,173000,17.0
20220501,크라이슬러,210000,14.6
20191101,닷지,214000,14.7
20190501,토요타,181000,11.3
20161101,Chevrolet,138000,16.7
20230701,BMW,220000,13.9
20230701,토요타,214000,12.2
20211101,재규어,213000,10.9
20211201,폭스바겐,213000,12.3
20210501,아우디,207000,13.2
20150701,미쓰비시,209000,11.2
20180101,아우디,187000,12.3
20231101,포드,186000,13.1
20230201,벤츠,229000,14.5
20190801,미쓰비시,160000,16.7
20190401,Chevrolet,160000,10.2
20200801,BMW,206000,12.7
20220801,미니,157000,11.5
20230101,BMW,219000,14.5
20180401,BMW,226000,14.4
20230501,인피니티,197000,14.3
20180301,볼보,218000,14.5
20200701,포드,193000,13.2
20181001,포드,186000,12.9
20160101,볼보,199000,14.1
20231101,링컨,195000,13.5
20240401,크라이슬러,210000,15.5
20230501,폭스바겐,226000,13.3
20190501,포드,203000,13.0
20220801,아우디,192000,12.4
20210601,지프,234000,16.0
20161001,닷지,184000,16.9
20160301,Chevrolet,378000,15.5
20240501,포드,200000,13.1
20210501,Chevrolet,220000,21.2
20181201,올즈모빌,290000,19.0
20170501,BMW,225000,14.2
20150701,BMW,214000,13.0
20180901,벤츠,239000,13.7
20230301,미니,169000,13.2
20170801,크라이슬러,204000,12.6
20221101,포르쉐,203000,11.4
20240101,혼다,212000,14.9
20230601,폭스바겐,219000,12.9
20221101,올즈모빌,256000,14.6
20191001,지프,252000,13.9
20181201,아큐라,149000,10.0
20180501,아우디,190000,13.2
20160801,혼다,201000,10.4
20230701,아우디,204000,13.6
20221201,아큐라,201000,13.5
20220201,아우디,202000,13.3
20200801,렉서스,223000,13.8
20210201,닛산,173000,10.2
20240401,벤츠,224000,14.6
20170601,캐딜락,206000,13.1
20180201,아큐라,110000,11.5
20181101,토요타,159000,10.1
20210701,BMW,223000,14.5
20220801,캐딜락,193000,13.6
20200401,아우디,200000,12.2
20180901,혼다,204000,11.7
20190101,아우디,186000,12.1
20200801,혼다,195000,13.0
20161101,아우디,203000,13.7
20201101,폭스바겐,205000,11.8
20221201,볼보,222000,15.5
20210601,BMW,211000,14.6
20191101,스마트,107000,9.4
20220301,지프,223000,13.6
20210101,스마트,175000,12.6
20211001,BMW,210000,14.5
20180101,렉서스,228000,12.6
20190701,포드,176000,12.2
20190401,토요타,166000,10.4
20190401,스즈키,147000,6.5
20200301,혼다,211000,12.5
20170701,렉서스,236000,12.3
20240601,미쓰비시,188000,15.3
20160501,벤츠,236000,14.0
20220701,닛산,171000,11.9
20210501,다이하쓰,195000,12.1
20170301,렉서스,221000,11.7
20210401,혼다,217000,13.4
20151001,닛산,149000,8.2
20170301,아우디,184000,12.4
20160801,토요타,158000,11.3
20160801,폭스바겐,193000,12.3
20170201,사브,213000,15.0
20160201,아우디,196000,11.9
20190601,미니,144000,10.8
20230901,렉서스,226000,16.5
20230801,폭스바겐,212000,13.0
20240501,폭스바겐,221000,13.5
20201001,토요타,187000,11.7
20180901,렉서스,209000,12.2
20221201,아우디,199000,13.3
20160301,포르쉐,134000,8.6
20200101,폭스바겐,196000,11.2
20231201,아우디,207000,13.6
20210701,렉서스,234000,14.6
20210401,인피니티,196000,12.9
20210701,Chevrolet,234000,15.3
20220301,혼다,212000,13.5
20220101,크라이슬러,205000,13.8
20230201,닛산,184000,11.9
20201101,미니,141000,10.4
20150801,마쯔다,125000,10.0
20230701,플리머스,137000,11.7
20180401,벤츠,221000,14.2
20160501,마쯔다,126000,13.0
20200701,푸조,204000,11.6
20151201,폭스바겐,214000,11.1
20220301,볼보,215000,15.3
20210601,아큐라,229000,16.1
20160401,닛산,135000,9.0
20190201,폭스바겐,203000,11.1
20210401,푸조,202000,12.3
20161101,토요타,185000,13.1
20201001,닷지,217000,16.0
20161001,마쯔다,193000,10.7
20160701,토요타,225000,14.6
20190801,닛산,158000,9.6
20150801,렉서스,197000,10.2
20230901,아큐라,178000,17.4
20220901,사이언,106000,15.6
20200901,머큐리,202000,9.8
20210601,렉서스,222000,15.5
20190701,크라이슬러,184000,13.3
20200201,다이하쓰,153000,8.2
20240201,미니,158000,12.8
20210501,미쓰비시,170000,10.9
20160101,닛산,176000,10.0
20230601,지프,228000,14.0
20190301,닛산,162000,10.6
20210301,크라이슬러,210000,14.5
20150901,포드,171000,12.9
20200901,스즈키,180000,10.0
20200601,링컨,194000,12.3
20230501,토요타,189000,11.2
20211101,토요타,185000,11.1
20170401,마쯔다,257000,7.0
20220501,아큐라,168000,17.4
20160701,스바루,165000,12.8
20170201,볼보,206000,14.8
20170601,사브,170000,15.0
20210801,인피니티,196000,12.6
20230201,볼보,224000,15.4
20220701,크라이슬러,206000,14.3
20170201,아우디,203000,12.4
20151201,Chevrolet,139000,13.8
20231101,닛산,192000,12.5
20170101,벤츠,231000,13.5
20230201,렉서스,223000,16.4
20200401,렉서스,245000,14.0
20200501,볼보,226000,14.6
20240501,마쯔다,165000,6.0
20180801,렉서스,214000,12.8
20150901,폭스바겐,185000,9.9
20210401,아우디,200000,12.9
20200601,볼보,208000,15.2
20231201,닷지,224000,17.3
20230701,마쯔다,110000,12.8
20220801,크라이슬러,205000,13.7
20240201,Chevrolet,250000,14.3
20200101,지프,252000,13.5
20180401,닛산,179000,9.1
20170701,닛산,139000,10.5
20230901,닷지,187000,16.7
20160401,BMW,215000,14.1
20220701,Chevrolet,140000,7.5
20201001,피아트,110000,7.1
20170701,스바루,161000,6.3
20150901,아우디,199000,13.9
20190701,스즈키,136000,10.6
20180401,뷰익,272000,7.8
20160201,닷지,182000,16.3
20160301,아우디,208000,13.8
20191001,미니,143000,10.7
20240101,랜드로버,178000,10.4
20170901,Chevrolet,177000,13.5
20210301,닛산,182000,10.7
20180501,닛산,180000,9.2
20160501,아큐라,129000,12.5
20171001,아큐라,165000,10.3
20211101,닷지,193000,15.8
20201001,미니,149000,11.7
20180901,미니,160000,9.3
20180701,미니,141000,11.2
20230101,미니,161000,12.2
20180101,미니,159000,9.8
20151101,미니,182000,8.3
20190401,미니,143000,9.9
20190201,미니,134000,9.8
20200501,렉서스,242000,14.0
20220101,아큐라,204000,9.2
20210301,GMC,294000,13.4
20220201,폭스바겐,216000,12.0
20180901,인피니티,179000,11.2
20171101,볼보,215000,14.1
20220301,아우디,204000,13.2
20151001,아우디,210000,12.9
20160101,아우디,235000,12.2
20160401,폭스바겐,206000,10.8
20161101,폭스바겐,163000,11.9
20200801,시트로엥,137000,6.8
20200901,시트로엥,219000,8.3
20230501,시트로엥,154000,9.0
20210701,크라이슬러,206000,14.2
20230701,크라이슬러,199000,15.1
20170701,크라이슬러,194000,13.4
20160301,크라이슬러,193000,11.7
20201001,크라이슬러,193000,13.8
20240201,크라이슬러,220000,14.9
20231001,지프,210000,14.0
20240201,지프,206000,13.2
20190101,링컨,204000,10.9
20190601,링컨,196000,12.1
20170101,링컨,163000,12.2
20180101,링컨,168000,12.2
20160101,링컨,233000,11.2
20230301,포드,203000,12.8
20190901,링컨,219000,12.1
20220801,링컨,214000,12.1
20230501,링컨,207000,12.9
20210101,시트로엥,140000,6.9
20200401,포르쉐,169000,14.7
20180401,지프,249000,13.6
20191201,지프,235000,14.7
20200401,지프,278000,13.6
20170601,지프,241000,13.5
20211001,캐딜락,168000,14.3
20221101,캐딜락,184000,13.8
20151201,캐딜락,187000,11.0
20170101,캐딜락,232000,12.5
20171201,캐딜락,176000,12.6
20191201,캐딜락,185000,14.9
20220601,캐딜락,200000,14.1
20170801,캐딜락,193000,11.9
20160601,폭스바겐,195000,10.5
20230701,푸조,196000,12.5
20190901,푸조,198000,12.1
20181201,푸조,188000,11.3
20181001,푸조,199000,11.7
20151201,푸조,199000,9.4
20161001,푸조,178000,12.2
20210701,푸조,192000,12.2
20190101,푸조,184000,11.1
20190801,푸조,207000,11.9
20180401,푸조,187000,10.5
20210101,포르쉐,156000,16.2
20201101,포르쉐,181000,12.5
20180601,미니,118000,7.8
20220401,닷지,186000,15.0
20190401,닷지,188000,15.8
20201201,사브,193000,16.8
20230801,사브,217000,18.3
20220801,사브,203000,18.9
20170401,사브,180000,16.5
20170801,사브,199000,16.2
20231001,사브,218000,21.2
20220601,사브,194000,20.1
20230401,사브,196000,16.9
20240501,사브,227000,18.3
20160401,지프,188000,10.4
20201201,닷지,171000,14.8
20200501,닷지,218000,16.8
20220101,닷지,182000,17.1
20181101,닷지,232000,17.6
20160401,사브,236000,17.0
20231001,캐딜락,184000,13.7
20231201,캐딜락,187000,12.8
20150701,지프,235000,16.3
20240601,피아트,133000,10.6
20231101,피아트,136000,9.7
20220101,피아트,186000,7.4
20221001,피아트,147000,8.7
20221201,피아트,116000,8.7
20231201,피아트,181000,9.7
20181001,재규어,170000,11.3
20240401,재규어,196000,12.8
20230201,재규어,197000,12.0
20190501,재규어,167000,10.9
20200801,재규어,181000,11.1
20201201,재규어,172000,13.4
20220801,재규어,176000,10.8
20190801,재규어,158000,11.7
20220701,재규어,186000,11.7
20170101,재규어,135000,9.1
20210801,재규어,165000,10.7
20190101,재규어,191000,10.7
20180701,재규어,197000,12.1
20210101,재규어,183000,11.8
20191001,볼보,214000,13.9
20230101,볼보,229000,15.1
20211101,볼보,219000,14.8
20190701,렉서스,232000,13.5
20190601,렉서스,235000,13.3
20170101,렉서스,202000,12.9
20240601,벤틀리,120000,12.7
20230701,벤틀리,223000,9.3
20210501,재규어,202000,12.4
20170901,재규어,168000,8.6
20200201,재규어,197000,10.8
20180901,재규어,190000,10.6
20190301,재규어,190000,13.9
20171101,재규어,124000,7.8
20230601,랜드로버,219000,12.0
20190401,랜드로버,260000,15.3
20200901,랜드로버,189000,14.4
20220301,랜드로버,242000,13.5
20150901,랜드로버,215000,11.7
20211101,랜드로버,284000,13.5
20210501,랜드로버,253000,15.3
20210101,마세라티,198000,11.3
20160401,혼다,180000,11.4
20211001,랜드로버,272000,15.7
20200801,랜드로버,232000,15.7
20190101,랜드로버,232000,13.5
20160401,랜드로버,178000,11.9
20220901,마세라티,150000,9.1
20230301,마세라티,140000,7.3
20230801,FOTON,133000,6.9
20190301,인피니티,171000,11.1
20220101,인피니티,194000,13.0
20150901,인피니티,165000,8.5
20191001,인피니티,176000,11.1
20161101,인피니티,184000,9.5
20151001,인피니티,148000,7.8
20150801,인피니티,255000,8.5
20180601,마세라티,124000,9.9
20230901,마세라티,132000,6.5
20170101,포르쉐,107000,10.7
20201101,마세라티,122000,8.3
20170101,스바루,128000,6.7
20210601,스바루,205000,10.2
20210301,스바루,226000,9.1
20200401,스바루,164000,9.6
20240401,스바루,182000,12.7
20220301,스바루,292000,11.2
20201101,스바루,225000,10.2
20171001,스바루,152000,10.3
20230501,포르쉐,165000,11.0
20190401,닛산,167000,10.3
20180401,포르쉐,125000,9.1
20170601,랜드로버,177000,12.3
20200801,포르쉐,131000,10.6
20220301,미쓰비시,142000,13.6
20180301,미쓰비시,120000,8.6
20230401,미쓰비시,144000,13.0
20210301,미쓰비시,152000,11.0
20200901,미쓰비시,193000,10.0
20171001,미쓰비시,154000,8.9
20150901,미쓰비시,123000,6.2
20230501,북기은상,137000,5.6
20220901,북기은상,149000,6.3
20200401,미쓰비시,100000,7.1
20221201,마세라티,142000,8.4
20190601,포르쉐,119000,8.3
20220901,포르쉐,242000,10.9
20240201,스마트,214000,15.3
20240301,스마트,171000,16.0
20220401,스마트,192000,14.8
20170801,다이하쓰,130000,8.1
20180201,그레이트월,253000,12.4
20200201,아큐라,166000,14.0
20211001,스마트,131000,10.3
20190601,허머,230000,12.8
20190201,Chevrolet,152000,18.9
20180301,스마트,148000,11.4
20170801,스마트,191000,12.1
20170801,랜드로버,213000,17.6
20170201,이스즈,152000,20.6
20160601,재규어,231000,17.1
20211001,폰티악,139000,25.8
20171101,이글,136000,18.8
20230201,로버,159000,20.5
20240301,폰티악,148000,27.5
20151001,이스즈,132000,19.3
20190701,이스즈,158000,25.3
20150901,스즈키,285000,18.1
20210801,스즈키,117000,14.1
20180201,피아트,109000,21.4
20170901,란치아,274000,21.3
20171001,란치아,337000,21.4
20160601,란치아,181000,18.8
20211101,뷰익,288000,25.1
20180601,폰티악,282000,21.8
20210301,뷰익,286000,24.7
20220601,폰티악,175000,25.4
20170801,Chevrolet,196000,22.1
20200201,시트로엥,108000,23.8
20190401,시트로엥,191000,22.3
20150701,랜드로버,265000,12.7
20200901,알파로메오,110000,16.8
20170901,페라리,166000,14.2
20240201,허머,139000,12.0
20150801,미쓰비시,201000,12.0
20190201,마쯔다,158000,11.9
20200101,스즈키,171000,10.7
20190901,스마트,149000,9.7
20221201,스마트,135000,12.3
20190501,미쓰비시,268000,11.6
20160301,닛산,128000,12.7
20201001,다이하쓰,104000,11.3
20200501,다이하쓰,122000,11.3
20220401,스즈키,112000,7.6
20200201,벤틀리,141000,11.4
20230501,스마트,181000,10.3
20180801,사이언,101000,7.9
20180201,닛산,182000,9.2
20210201,볼보,211000,14.6
20180801,볼보,210000,13.7
20201201,포드,191000,13.5
20220901,혼다,214000,13.7
20240601,혼다,208000,15.3
20180401,폭스바겐,201000,11.8
20230401,BMW,219000,14.8
20200501,포드,188000,13.3
20210901,볼보,204000,15.3
20200301,BMW,218000,14.0
20200501,BMW,220000,14.2
20170901,렉서스,224000,12.6
20180401,볼보,197000,14.4
20170501,다이하쓰,100000,5.7
20171201,마쯔다,200000,6.3
20230201,사브,177000,18.3
20180201,BMW,218000,14.5
20231101,지프,198000,13.5
20190501,BMW,224000,14.0
20170801,포드,191000,12.8
20201201,BMW,219000,14.1
20240301,BMW,220000,14.4
20180601,새턴,140000,13.8
20190901,렉서스,231000,13.7
20180601,지프,244000,14.6
20220901,푸조,196000,12.7
20220301,닷지,205000,18.3
20170301,닛산,150000,8.6
20190801,포드,195000,13.1
20210701,혼다,203000,13.1
20200101,혼다,214000,12.4
20210601,벤츠,237000,15.0
20160301,지프,171000,15.0
20190901,머큐리,200000,15.4
20170801,혼다,179000,11.2
20210801,폭스바겐,227000,11.9
20211001,혼다,205000,13.1
20220501,아우디,213000,13.7
20201101,포드,197000,12.9
20160501,볼보,183000,13.7
20190101,BMW,219000,13.9
20180201,폰티악,194000,14.9
20240101,포드,192000,12.7
20220601,미니,159000,12.1
20170501,닷지,166000,16.2
20191001,BMW,205000,12.8
20160601,포드,202000,13.6
20190201,닛산,163000,9.2
20200701,새턴,150000,7.5
20160201,BMW,214000,13.5
20220901,벤츠,208000,14.2
20160301,벤츠,222000,14.2
20180401,포드,202000,12.5
20210301,혼다,213000,12.7
20180101,토요타,184000,10.6
20150901,BMW,226000,13.8
20240401,토요타,211000,11.9
20240201,토요타,201000,12.6
20191001,아우디,208000,11.7
20211201,캐딜락,172000,14.0
20200201,인피니티,189000,11.6
20220901,렉서스,233000,15.3
20190801,벤츠,223000,14.2
20190101,폭스바겐,213000,11.1
20221201,혼다,203000,14.0
20201201,미니,165000,10.4
20220901,볼보,212000,15.1
20220101,폭스바겐,216000,12.3
20180301,벤츠,235000,14.4
20180501,알파로메오,175000,11.0
20180401,아우디,202000,11.9
20230101,벤츠,222000,15.0
20170201,BMW,215000,13.8
20210401,미니,148000,12.4
20230301,벤츠,230000,15.0
20191101,벤츠,217000,13.1
20230701,폭스바겐,218000,13.0
20230801,BMW,222000,14.2
20170701,토요타,235000,12.8
20191001,푸조,186000,11.7
20231001,아우디,208000,13.9
20210101,닛산,177000,11.4
20200201,렉서스,225000,13.8
20220501,토요타,195000,12.1
20180101,벤츠,219000,14.2
20200101,렉서스,240000,13.5
20190401,렉서스,221000,13.4
20151001,토요타,226000,14.1
20220201,BMW,216000,14.2
20151001,혼다,200000,11.1
20230201,혼다,211000,15.1
20191001,폭스바겐,209000,11.0
20201101,아우디,198000,13.0
20171001,BMW,239000,15.1
20160601,BMW,226000,13.9
20160201,혼다,167000,10.1
20210901,아큐라,161000,14.5
20230301,아우디,206000,13.7
20240201,혼다,221000,15.0
20240101,아우디,206000,13.3
20180301,아우디,197000,12.5
20210901,벤츠,226000,14.8
20200401,BMW,219000,14.0
20190401,BMW,220000,13.7
20240201,랜드로버,220000,11.6
20200701,혼다,203000,12.2
20240301,재규어,200000,12.0
20170601,벤츠,220000,13.7
20230401,포르쉐,200000,15.5
20151201,포드,195000,13.1
20221101,폭스바겐,220000,12.6
20230401,링컨,199000,13.2
20220601,폭스바겐,224000,12.7
20210501,혼다,212000,13.2
20151201,BMW,229000,13.7
20221101,아우디,202000,13.0
20230101,렉서스,225000,15.9
20181201,닛산,179000,9.6
20221201,인피니티,189000,13.6
20221101,벤츠,225000,14.7
20200201,미니,163000,11.9
20170501,폭스바겐,184000,11.9
20201001,아큐라,126000,13.6
20240401,미니,165000,12.8
20220901,닛산,185000,11.6
20231101,렉서스,221000,16.0
20200301,볼보,204000,14.8
20220201,토요타,179000,10.9
20220201,크라이슬러,215000,14.1
20180501,오펠,115000,10.8
20170601,시트로엥,149000,14.4
20170501,볼보,209000,14.3
20230801,아큐라,119000,14.1
20200601,인피니티,188000,12.2
20161001,혼다,170000,9.7
20190801,BMW,225000,13.9
20190901,아우디,192000,12.2
20171101,닛산,161000,8.6
20230201,사이언,164000,13.9
20230501,랜드로버,234000,13.6
20210501,볼보,232000,14.3
20180201,포드,185000,12.6
20180601,닛산,180000,10.2
20160901,크라이슬러,185000,13.6
20210801,사브,190000,15.4
20210101,볼보,222000,14.4
20190301,새턴,150000,8.7
20170501,크라이슬러,177000,11.6
20181101,렉서스,230000,13.4
20190801,스즈키,208000,10.3
20200201,아우디,200000,12.1
20210801,푸조,204000,12.5
20161101,포드,201000,13.1
20180501,크라이슬러,180000,12.5
20190901,벤츠,213000,14.0
20200701,아우디,201000,11.9
20181001,닷지,240000,17.1
20170901,토요타,208000,11.6
20171001,포드,172000,13.2
20151201,지프,211000,13.5
20230201,미니,158000,12.5
20210901,크라이슬러,196000,14.2
20160601,뷰익,119000,10.8
20230101,사브,269000,18.4
20240301,아큐라,155000,12.6
20180101,재규어,130000,9.5
20170201,마쯔다,144000,6.1
20240601,미니,162000,12.8
20171001,닛산,144000,9.8
20190701,혼다,198000,12.0
20180301,푸조,196000,11.1
20180701,아큐라,250000,12.0
20170101,아큐라,280000,12.2
20220901,랜드로버,203000,10.3
20160301,렉서스,205000,9.6
20170501,아우디,190000,12.4
20180501,마쯔다,201000,12.6
20231201,크라이슬러,205000,14.7
20210401,닷지,178000,17.7
20180101,볼보,205000,14.3
20170601,뷰익,167000,13.0
20181101,캐딜락,205000,13.9
20150801,혼다,198000,11.6
20200201,볼보,212000,14.8
20230201,링컨,189000,12.8
20200301,Chevrolet,117000,10.5
20240301,지프,229000,13.4
20161001,닛산,128000,8.1
20190101,머큐리,250000,11.9
20161101,혼다,203000,9.6
20231201,포드,187000,12.8
20230801,재규어,194000,11.3
20181101,지프,248000,13.9
20201101,닛산,184000,10.4
20160501,미쓰비시,170000,13.2
20161001,Chevrolet,101000,14.8
20160401,머큐리,178000,15.7
20150801,미니,142000,7.5
20200501,미니,151000,11.1
20190801,크라이슬러,190000,13.5
20181101,미니,138000,9.9
20171001,미니,129000,9.9
20181201,머큐리,201000,15.2
20200901,Chevrolet,135000,15.3
20180801,미니,133000,11.9
20221101,미쓰비시,239000,12.6
20200101,닛산,166000,10.6
20150701,아우디,223000,14.5
20240501,시트로엥,179000,9.8
20220701,시트로엥,154000,8.0
20230301,시트로엥,178000,7.9
20221201,시트로엥,174000,8.5
20160101,벤츠,222000,14.1
20230801,크라이슬러,200000,15.0
20231101,크라이슬러,214000,15.3
20221201,지프,216000,13.2
20201201,지프,207000,13.8
20200501,지프,245000,14.0
20210201,링컨,190000,13.8
20220701,링컨,189000,12.3
20190801,링컨,210000,12.5
20190701,링컨,175000,12.3
20210401,링컨,201000,12.4
20170301,링컨,163000,12.1
20211101,링컨,203000,12.0
20220101,링컨,216000,12.8
20221001,링컨,205000,11.6
20151101,링컨,280000,12.2
20151201,링컨,185000,12.6
20160601,링컨,195000,12.9
20190301,지프,257000,14.7
20170301,지프,239000,14.7
20160401,크라이슬러,217000,12.3
20201001,캐딜락,172000,14.6
20190601,캐딜락,159000,11.9
20160101,캐딜락,227000,12.1
20200301,캐딜락,200000,12.5
20171001,캐딜락,166000,11.5
20210301,캐딜락,176000,12.4
20180501,캐딜락,223000,12.6
20190901,캐딜락,182000,13.5
20240401,캐딜락,179000,13.5
20161201,캐딜락,160000,12.1
20230901,캐딜락,190000,13.6
20240601,캐딜락,210000,14.2
20161101,캐딜락,180000,13.6
20210601,캐딜락,201000,13.9
20170501,푸조,195000,10.5
20230201,푸조,199000,12.7
20180801,푸조,197000,11.7
20180901,푸조,217000,11.2
20210201,푸조,198000,12.2
20190701,푸조,200000,11.4
20150901,푸조,172000,8.9
20160901,푸조,169000,10.1
20170201,푸조,190000,10.6
20220701,푸조,202000,12.5
20160601,포르쉐,191000,11.4
20221201,포르쉐,139000,12.4
20221101,닷지,185000,17.6
20220801,닷지,218000,16.4
20221001,닷지,188000,15.7
20190901,닷지,234000,17.2
20180201,지프,206000,13.4
20190601,사브,195000,15.1
20151201,사브,182000,17.2
20191201,사브,206000,16.0
20220301,사브,184000,17.4
20190501,사브,210000,15.0
20180901,사브,202000,15.1
20221001,사브,203000,18.1
20221201,사브,204000,16.4
20230701,사브,208000,18.0
20220901,사브,219000,20.4
20160201,푸조,169000,10.5
20150901,사브,197000,14.7
20190701,시트로엥,132000,6.4
20230601,캐딜락,158000,13.9
20161101,지프,192000,18.1
20160501,닷지,255000,17.4
20221101,피아트,103000,9.3
20230401,피아트,182000,9.3
20240401,피아트,197000,10.4
20230301,피아트,155000,9.8
20240101,재규어,178000,11.0
20160301,재규어,220000,9.4
20230401,볼보,236000,14.8
20170901,볼보,230000,14.8
20170101,볼보,200000,13.7
20151001,볼보,213000,14.5
20220101,렉서스,231000,15.7
20150701,렉서스,210000,10.7
20220301,벤틀리,104000,10.0
20160801,재규어,201000,9.4
20240601,랜드로버,209000,12.5
20160701,마세라티,129000,11.3
20211201,랜드로버,234000,12.0
20201101,랜드로버,226000,15.0
20220701,랜드로버,217000,13.3
20170401,랜드로버,235000,12.7
20180701,랜드로버,245000,14.1
20201201,랜드로버,201000,14.2
20180801,랜드로버,198000,15.8
20171201,재규어,251000,10.1
20160901,재규어,260000,12.9
20200601,마세라티,102000,5.8
20231201,마세라티,118000,8.6
20191101,마세라티,102000,5.5
20230101,인피니티,202000,13.5
20210901,인피니티,189000,13.0
20180201,인피니티,203000,10.1
20180601,인피니티,219000,10.6
20210101,인피니티,203000,12.6
20180101,인피니티,149000,9.5
20150701,인피니티,147000,7.3
20180801,인피니티,190000,10.8
20160501,인피니티,138000,7.6
20220501,스바루,241000,11.3
20190901,스바루,298000,8.7
20240201,스바루,135000,11.6
20231101,스바루,181000,12.7
20200801,스바루,263000,8.3
20220601,닛산,191000,12.1
20160601,닛산,153000,8.2
20190701,닛산,185000,10.3
20220201,미쓰비시,186000,12.1
20221001,미쓰비시,265000,13.0
20190101,미쓰비시,170000,14.1
20181101,미쓰비시,186000,12.3
20210401,미쓰비시,176000,11.1
20220901,미쓰비시,152000,16.2
20231101,미쓰비시,210000,15.2
20211001,미쓰비시,121000,14.9
20180901,미쓰비시,150000,12.9
20201101,미쓰비시,149000,12.4
20211001,북기은상,103000,5.7
20230601,북기은상,162000,6.3
20230301,북기은상,145000,6.1
20181001,포르쉐,123000,8.8
20160601,랜드로버,218000,13.2
20220101,스마트,172000,16.6
20170201,Chevrolet,125000,13.8
20160701,오펠,164000,11.8
20190301,스마트,135000,11.8
20211201,이스즈,182000,16.7
20151101,다이하쓰,120000,10.0
20230601,스마트,250000,17.4
20151101,미쓰비시,319000,15.3
20211201,스마트,111000,11.6
20200401,스마트,138000,12.3
20181001,피아트,142000,12.9
20180501,스마트,145000,9.9
20201001,마쯔다,114000,12.7
20200601,Chevrolet,231000,15.3
20180801,스마트,124000,10.3
20190401,스마트,146000,12.9
20221201,마쯔다,196000,17.8
20170701,랜드로버,207000,16.9
20190201,이스즈,157000,24.0
20170901,닷지,193000,18.9
20231001,폰티악,104000,23.8
20201201,폰티악,139000,24.0
20180101,이글,170000,20.0
20190501,이글,165000,20.1
20210801,Chevrolet,157000,29.2
20180501,Chevrolet,222000,22.3
20230101,벤틀리,160000,16.7
20170201,스즈키,251000,19.6
20150801,스즈키,205000,17.9
20171101,스즈키,177000,20.1
20160901,폰티악,255000,21.5
20170301,폰티악,173000,21.2
20190601,시트로엥,139000,23.1
20220801,폰티악,220000,26.0
20151101,피아트,194000,18.8
20150901,피아트,177000,18.3
20190901,란치아,275000,22.8
20240601,란치아,233000,27.9
20180801,뷰익,164000,22.3
20231201,뷰익,128000,27.5
20170701,뷰익,187000,20.8
20200101,이글,264000,24.0
20220201,뷰익,130000,26.5
20190701,뷰익,471000,23.3
20151001,폰티악,136000,19.8
20221001,Chevrolet,242000,27.2
20151201,머큐리,175000,22.8
20180901,머큐리,200000,24.8
20160801,머큐리,199000,22.1
20220601,머큐리,179000,26.8
20161101,머큐리,235000,19.3
20220401,다이하쓰,120000,13.9
20170701,스마트,141000,7.7
20180201,스즈키,152000,9.4
20170901,스즈키,156000,8.8
20170301,스즈키,120000,5.9
20220201,스즈키,136000,10.3
20151001,스바루,172000,18.0
20230101,허머,111000,7.7
20230401,사이언,120000,14.5
20170101,마쯔다,238000,8.0
20201101,다이하쓰,133000,11.0
20210101,스즈키,115000,6.3
20170701,새턴,135000,15.3
20170401,볼보,196000,13.8
20230801,지프,220000,13.5
20220301,포드,193000,13.1
20220601,포드,189000,13.2
20161001,벤츠,229000,13.2
20210301,볼보,221000,15.0
20150701,닛산,148000,8.8
20160501,토요타,213000,12.5
20180801,아우디,186000,12.3
20201201,볼보,223000,15.9
20200101,크라이슬러,190000,13.0
20240101,크라이슬러,203000,14.6
20181201,토요타,202000,11.7
20150701,포드,210000,13.6
20171101,포드,208000,12.9
20180501,렉서스,219000,12.8
20170401,BMW,221000,13.7
20240101,BMW,220000,14.2
20200601,BMW,215000,13.9
20200501,벤츠,217000,14.3
20190101,크라이슬러,176000,12.8
20180801,지프,220000,14.3
20181201,렉서스,228000,12.8
20220201,벤츠,224000,14.6
20220601,벤츠,230000,15.1
20230901,BMW,220000,14.4
20221001,아우디,199000,13.2
20150801,토요타,179000,14.2
20200901,혼다,228000,13.3
20210601,스즈키,210000,19.5
20201201,크라이슬러,201000,13.4
20200301,토요타,201000,11.0
20231101,아우디,207000,13.7
20220101,포드,184000,13.1
20231001,포드,188000,12.8
20220401,크라이슬러,210000,14.4
20210901,렉서스,236000,15.2
20200601,벤츠,220000,13.9
20210101,미니,141000,11.5
20181001,닛산,178000,9.0
20200601,아우디,202000,12.7
20230101,폭스바겐,212000,12.4
20190801,닷지,204000,17.4
20221001,크라이슬러,197000,15.0
20180901,토요타,178000,11.0
20191201,렉서스,228000,13.1
20161201,토요타,187000,13.5
20190201,크라이슬러,191000,13.0
20231201,BMW,219000,14.7
20160701,포드,201000,14.0
20210101,BMW,224000,14.2
20170401,토요타,185000,13.8
20210201,지프,212000,14.0
20230201,토요타,209000,11.7
20231201,닛산,182000,12.0
20190901,폭스바겐,197000,11.2
20170601,Chevrolet,107000,10.8
20220701,볼보,222000,15.1
20170801,재규어,171000,10.4
20201101,벤츠,227000,14.0
20211201,BMW,224000,14.7
20150801,링컨,182000,12.3
20220901,포드,187000,12.7
20220501,혼다,216000,14.2
20161201,BMW,221000,14.3
20160901,머큐리,203000,20.4
20170301,뷰익,150000,14.3
20230401,벤츠,214000,14.3
20200801,크라이슬러,204000,13.3
20190601,BMW,215000,13.4
20191001,토요타,185000,11.4
20211001,다이하쓰,150000,8.8
20191201,크라이슬러,202000,12.8
20220401,혼다,212000,13.8
20240601,렉서스,238000,16.5
20221201,폭스바겐,209000,12.8
20191001,마쯔다,146000,6.1
20150801,아우디,220000,13.5
20221001,혼다,231000,14.2
20210101,토요타,178000,11.1
20220901,Chevrolet,150000,6.4
20160901,토요타,188000,11.1
20190801,혼다,209000,12.3
20211101,BMW,223000,14.6
20240101,폭스바겐,214000,12.9
20230701,닷지,172000,16.6
20210801,벤츠,237000,14.5
20190701,벤츠,210000,13.6
20240101,벤츠,221000,14.2
20200501,폭스바겐,217000,12.1
20171001,볼보,225000,14.1
20200101,아큐라,182000,13.9
20200401,토요타,181000,10.7
20200401,폭스바겐,224000,11.9
20240501,미니,162000,13.1
20200201,BMW,218000,13.5
20210701,닛산,190000,10.7
20190901,닛산,162000,11.0
20200301,닛산,181000,10.9
20150901,벤츠,221000,14.2
20191201,아우디,218000,12.7
20161201,아우디,196000,12.7
20180601,혼다,202000,11.4
20200501,인피니티,208000,11.8
20230801,마쯔다,126000,12.8
20210801,토요타,198000,11.5
20230601,벤츠,223000,14.2
20190901,BMW,221000,13.9
20240601,벤츠,222000,14.8
20231201,아큐라,236000,10.3
20230501,벤츠,218000,14.8
20180701,아우디,190000,12.0
20171201,폭스바겐,186000,11.3
20221101,BMW,210000,14.2
20221001,렉서스,227000,16.4
20151101,토요타,211000,11.5
20160701,렉서스,223000,11.0
20191001,혼다,207000,11.7
20161001,토요타,186000,14.6
20190101,혼다,211000,12.0
20210501,인피니티,193000,12.9
20240401,BMW,225000,14.8
20180901,폭스바겐,192000,11.2
20180201,아우디,186000,12.4
20220601,토요타,215000,11.4
20210801,아우디,208000,13.0
20180801,아큐라,233000,10.8
20200601,혼다,205000,12.3
20221001,폭스바겐,217000,12.6
20220601,인피니티,200000,14.0
20210501,뷰익,169000,9.8
20230401,혼다,210000,14.7
20220901,미니,156000,11.7
20190801,렉서스,234000,13.1
20160901,아우디,198000,14.3
20161001,BMW,208000,13.5
20150701,혼다,164000,12.8
20210401,닛산,182000,10.5
20200501,혼다,216000,12.5
20171101,렉서스,229000,11.8
20181001,토요타,188000,10.7
20211101,폭스바겐,212000,12.5
20210501,폭스바겐,214000,12.2
20231001,벤츠,225000,14.5
20220501,랜드로버,242000,13.3
20240201,사브,174000,17.7
20170901,BMW,220000,13.2
20231201,폭스바겐,214000,13.2
20220501,미쓰비시,125000,16.0
20181101,크라이슬러,182000,12.9
20170201,폭스바겐,196000,10.8
20180701,BMW,217000,14.1
20210401,사브,200000,17.0
20181201,아우디,195000,11.7
20160401,아큐라,153000,6.2
20211101,아큐라,219000,12.3
20220501,렉서스,233000,15.6
20170301,벤츠,235000,14.9
20220101,BMW,224000,14.8
20170801,BMW,206000,13.6
20160901,닷지,263000,18.5
20230201,크라이슬러,215000,14.9
20230201,인피니티,202000,13.3
20210401,토요타,206000,12.1
20210601,폭스바겐,213000,12.3
20161001,사이언,120000,8.8
20151201,토요타,204000,14.1
20190501,캐딜락,163000,12.8
20211001,아큐라,190000,11.3
20160401,벤츠,238000,14.8
20220101,마쯔다,110000,5.9
20200101,푸조,190000,12.4
20220901,아우디,203000,12.8
20180301,BMW,222000,14.2
20230901,시트로엥,173000,10.6
20210801,BMW,220000,14.6
20201201,렉서스,219000,14.6
20220501,인피니티,206000,13.3
20211101,사브,180000,19.5
20221101,아큐라,123000,16.5
20190101,토요타,175000,12.3
20220701,렉서스,224000,15.7
20170801,렉서스,206000,12.1
20180601,사브,179000,14.2
20170401,렉서스,226000,11.2
20191001,캐딜락,184000,12.9
20170401,Chevrolet,181000,10.5
20221001,포드,202000,12.8
20230301,뷰익,130000,20.3
20170501,닛산,162000,9.0
20180601,크라이슬러,174000,13.0
20230601,닷지,201000,16.3
20200401,크라이슬러,192000,13.4
20190401,머큐리,174000,17.8
20210801,다이하쓰,128000,10.9
20230201,Chevrolet,135000,18.8
20191001,렉서스,227000,13.8
20220701,닷지,193000,18.4
20220901,아큐라,160000,11.2
20210301,아큐라,346000,10.0
20151201,크라이슬러,197000,12.3
20230901,포드,186000,13.0
20240401,혼다,212000,15.0
20200301,포드,192000,12.8
20160601,닷지,223000,14.6
20190601,지프,227000,14.1
20160501,Chevrolet,326000,11.3
20181201,포드,200000,13.4
20180901,뷰익,110000,9.6
20151101,닛산,182000,10.4
20221101,마쯔다,148000,11.7
20171201,머큐리,234000,18.9
20161101,링컨,187000,12.8
20220701,다이하쓰,152000,10.2
20200601,아큐라,190000,14.5
20171101,크라이슬러,196000,12.2
20230101,스즈키,135000,11.6
20240301,미니,164000,13.5
20220501,사이언,201000,6.8
20200701,폭스바겐,209000,11.2
20190701,인피니티,194000,11.1
20200901,미니,168000,9.9
20230601,볼보,232000,15.4
20150901,마쯔다,203000,14.3
20160201,사브,183000,15.7
20230101,크라이슬러,190000,14.8
20191201,피아트,262000,15.2
20200201,혼다,215000,12.3
20240301,머큐리,150000,6.2
20190601,크라이슬러,191000,13.4
20220601,사이언,182000,15.4
20191201,폭스바겐,193000,11.3
20150801,닷지,240000,16.4
20220901,크라이슬러,193000,14.4
20190201,닷지,262000,17.8
20161201,머큐리,200000,13.0
20170401,지프,276000,15.0
20160901,GEO,200000,12.8
20240101,링컨,207000,13.4
20181201,뷰익,177000,11.2
20170301,새턴,186000,9.9
20210301,렉서스,224000,14.6
20170401,아큐라,299000,5.1
20220401,인피니티,201000,14.0
20181101,사브,179000,15.6
20160801,랜드로버,215000,12.2
20200501,닛산,186000,10.3
20200801,볼보,210000,14.5
20220201,미니,162000,12.5
20230101,푸조,203000,11.7
20191101,인피니티,183000,11.1
20150801,캐딜락,253000,12.7
20171001,폭스바겐,190000,11.4
20230901,지프,228000,14.3
20180401,GMC,150000,9.2
20210301,미니,128000,11.2
20191201,미니,148000,11.1
20220701,미니,156000,11.9
20190801,미니,166000,10.7
20190701,미니,138000,11.5
20160601,미니,107000,8.3
20160301,미니,111000,8.5
20170501,미니,148000,9.1
20200901,스바루,151000,9.5
20160401,토요타,201000,14.9
20171201,볼보,206000,15.1
20230601,아큐라,189000,15.4
20160201,폭스바겐,184000,11.3
20230101,시트로엥,140000,8.3
20230201,시트로엥,152000,8.7
20230401,시트로엥,167000,9.8
20210901,시트로엥,153000,7.9
20240401,시트로엥,174000,10.1
20240201,시트로엥,189000,10.5
20211001,시트로엥,114000,8.6
20210301,시트로엥,126000,14.5
20200501,시트로엥,104000,5.8
20210801,크라이슬러,211000,14.1
20180401,크라이슬러,195000,12.9
20200601,크라이슬러,193000,13.4
20231001,크라이슬러,219000,15.0
20230501,지프,223000,14.3
20160201,링컨,203000,13.0
20191001,링컨,187000,12.8
20161001,링컨,233000,12.3
20200201,링컨,180000,12.1
20210901,링컨,192000,12.9
20220901,링컨,195000,13.1
20200801,포드,184000,12.1
20171101,링컨,188000,12.1
20200301,링컨,185000,14.2
20190501,시트로엥,160000,15.1
20211201,포르쉐,205000,12.9
20201001,포르쉐,168000,12.3
20231201,포르쉐,164000,13.9
20150801,벤츠,222000,14.4
20190201,지프,276000,13.8
20180101,지프,243000,14.7
20190301,캐딜락,189000,13.9
20210901,캐딜락,206000,14.2
20151001,캐딜락,150000,11.7
20190101,캐딜락,185000,12.6
20200201,캐딜락,150000,13.5
20180401,캐딜락,203000,13.2
20190401,캐딜락,197000,11.7
20220201,캐딜락,196000,15.6
20230701,캐딜락,187000,14.2
20200701,캐딜락,181000,12.7
20181001,캐딜락,214000,13.3
20151101,푸조,203000,11.0
20180101,푸조,190000,11.3
20210301,푸조,204000,12.2
20211201,푸조,204000,12.6
20180701,푸조,188000,11.2
20230401,푸조,202000,13.3
20170901,푸조,215000,10.0
20220701,포르쉐,176000,16.1
20211201,닷지,214000,17.3
20230401,닷지,230000,15.7
20160701,지프,285000,17.3
20180901,지프,218000,14.2
20240101,피아트,231000,8.8
20211201,사브,212000,16.6
20231201,사브,226000,18.5
20190201,사브,176000,16.2
20190701,사브,194000,15.3
20200301,사브,206000,16.6
20190901,사브,194000,16.0
20201001,사브,188000,17.3
20200501,사브,215000,18.3
20200701,사브,218000,17.2
20190801,사브,187000,16.2
20170301,사브,210000,17.4
20161101,사브,200000,17.1
20200201,사브,235000,17.9
20150701,푸조,162000,12.6
20190101,닷지,232000,19.7
20170401,닷지,153000,14.7
20151001,사브,186000,15.6
20220401,시트로엥,156000,5.9
20150901,지프,224000,15.1
20170501,캐딜락,143000,13.3
20170901,캐딜락,202000,11.5
20171101,닷지,242000,18.1
20240301,피아트,223000,9.8
20200601,피아트,204000,6.2
20210201,피아트,120000,15.8
20170501,포르쉐,139000,13.1
20230101,재규어,199000,10.0
20210701,재규어,197000,11.1
20231001,재규어,189000,12.1
20180201,재규어,153000,13.4
20170701,재규어,165000,13.6
20240201,재규어,197000,10.8
20190701,볼보,205000,14.7
20181101,볼보,210000,14.6
20200401,볼보,217000,14.9
20150801,볼보,201000,15.7
20231101,볼보,214000,15.8
20170501,렉서스,234000,12.5
20220201,재규어,197000,12.7
20200901,벤틀리,123000,12.8
20230801,벤틀리,162000,14.5
20160201,재규어,181000,14.5
20231201,랜드로버,228000,12.5
20200101,랜드로버,275000,16.2
20231001,랜드로버,235000,12.7
20221001,랜드로버,213000,13.7
20191201,랜드로버,222000,15.8
20200701,랜드로버,227000,13.3
20210401,랜드로버,249000,15.8
20200301,마세라티,134000,13.7
20150801,랜드로버,153000,11.7
20200501,랜드로버,194000,14.9
20151201,랜드로버,290000,13.3
20180501,재규어,138000,9.6
20230901,FOTON,266000,7.3
20200801,마세라티,133000,5.2
20240301,마세라티,162000,10.1
20230701,마세라티,139000,7.2
20220401,마세라티,101000,5.8
20240201,마세라티,134000,7.3
20230201,포르쉐,210000,14.1
20160901,인피니티,185000,9.1
20230801,인피니티,207000,14.5
20230401,인피니티,203000,14.4
20161001,인피니티,146000,9.2
20201001,인피니티,182000,12.1
20160701,인피니티,130000,8.2
20211001,인피니티,184000,12.5
20190101,인피니티,214000,11.0
20190401,인피니티,165000,10.7
20170501,인피니티,183000,9.0
20161201,인피니티,193000,8.9
20220801,마세라티,103000,13.8
20160501,재규어,179000,13.3
20191001,재규어,188000,9.3
20171001,인피니티,174000,10.0
20240501,포르쉐,201000,13.7
20220101,포르쉐,207000,14.6
20230601,스바루,248000,12.0
20210701,스바루,233000,10.4
20180501,스바루,171000,7.2
20240601,스바루,205000,12.4
20220601,스바루,188000,10.5
20170601,스바루,102000,6.1
20240301,스바루,249000,12.5
20210201,스바루,238000,8.3
20210801,포르쉐,167000,14.4
20220401,미쓰비시,196000,12.6
20180701,미쓰비시,174000,11.8
20170201,미쓰비시,128000,11.1
20200701,미쓰비시,227000,13.6
20220601,북기은상,100000,6.4
20200601,포르쉐,145000,10.6
20190601,스마트,205000,14.3
20230101,스마트,166000,15.0
20231101,스즈키,204000,16.8
20180601,미쓰비시,185000,12.7
20240501,스마트,148000,18.1
20220701,사이언,139000,16.5
20210701,스마트,205000,15.9
20240601,Chevrolet,328000,12.3
20150701,Chevrolet,165000,8.6
20210401,스마트,133000,16.5
20230401,스마트,130000,15.2
20231101,스마트,161000,15.1
20180501,포르쉐,151000,11.5
20230901,마이바흐,138000,17.3
20200101,스마트,130000,11.8
20170501,이스즈,127000,21.6
20151101,이글,229000,17.9
20170701,이글,146000,20.2
20220301,Chevrolet,251000,25.8
20161201,Chevrolet,192000,17.0
20161201,이스즈,110000,20.2
20170901,시트로엥,208000,21.6
20231001,란치아,289000,27.3
20161101,란치아,148000,19.2
20190101,Chevrolet,195000,23.9
20180701,뷰익,120000,21.8
20220901,뷰익,300000,26.2
20201001,뷰익,174000,24.1
20161001,이글,159000,21.3
20171201,이글,203000,22.6
20171201,Chevrolet,309000,22.8
20160901,시트로엥,141000,21.0
20231001,Chevrolet,168000,24.0
20171101,Chevrolet,188000,22.5
20150801,머큐리,205000,21.9
20200301,머큐리,238000,24.8
20170601,머큐리,242000,22.8
20171201,스마트,175000,14.2
20190301,알파로메오,133000,10.1
20190201,다이하쓰,125000,9.7
20180601,플리머스,159000,16.2
20240601,마쯔다,115000,22.8
20240201,미쓰비시,154000,17.7
20191001,머큐리,113000,19.1
20230501,Chevrolet,215000,12.7
20180801,Chevrolet,125000,16.5
20230701,다이하쓰,165000,14.5
20151001,마쯔다,138000,17.6
20180201,닷지,259000,16.0
20180701,볼보,201000,13.9
20211201,크라이슬러,221000,14.6
20190201,재규어,205000,12.2
20160501,포드,190000,13.3
20180901,포드,191000,13.3
20200901,볼보,228000,15.6
20201201,아큐라,184000,8.5
20160901,BMW,223000,14.7
20210301,닷지,189000,15.6
20240501,BMW,222000,14.6
20210201,토요타,188000,11.7
20190401,벤츠,213000,13.5
20220101,미니,156000,11.3
20220801,BMW,197000,12.6
20180701,벤츠,222000,14.0
20210801,이스즈,147000,19.2
20170201,크라이슬러,182000,12.4
20150901,렉서스,203000,10.8
20240401,폭스바겐,223000,13.8
20171201,크라이슬러,167000,12.1
20231101,벤츠,225000,14.6
20220801,혼다,211000,14.1
20220401,Chevrolet,130000,22.5
20180901,닷지,190000,17.4
20190101,닛산,180000,10.1
20220801,머큐리,150000,16.6
20240501,렉서스,220000,16.5
20160701,혼다,186000,9.1
20181001,혼다,190000,11.1
20200201,포드,185000,11.8
20180401,렉서스,240000,12.2
20201101,렉서스,243000,14.6
20230701,혼다,215000,14.9
20180501,포드,199000,13.9
20200601,토요타,182000,11.6
20161101,볼보,191000,14.1
20240601,아우디,210000,14.0
20160101,지프,206000,13.9
20210701,인피니티,192000,12.8
20210301,토요타,189000,10.5
20220401,폭스바겐,222000,12.6
20181101,BMW,215000,14.0
20180801,포드,186000,13.4
20161201,아큐라,238000,10.3
20161001,랜드로버,231000,11.8
20161201,링컨,169000,12.2
20240501,닛산,174000,12.5
20230701,벤츠,214000,14.4
20171101,BMW,205000,13.9
20171201,토요타,212000,11.9
20181101,닛산,170000,9.0
20200701,토요타,216000,11.8
20240301,아우디,206000,13.6
20210901,미쓰비시,193000,11.9
20230601,BMW,216000,14.5
20220301,폰티악,140000,5.7
20220901,폭스바겐,213000,12.6
20160701,폭스바겐,180000,9.9
20240101,포르쉐,268000,13.5
20210101,아우디,203000,12.8
20210701,토요타,174000,11.1
20221201,BMW,218000,14.4
20170401,폭스바겐,202000,10.3
20220601,혼다,206000,13.8
20240201,인피니티,200000,14.4
20160801,벤츠,226000,14.8
20230501,혼다,213000,14.8
20230101,토요타,211000,12.1
20201001,포드,198000,12.9
20211001,토요타,201000,11.0
20190201,BMW,213000,13.8
20200701,벤츠,219000,14.3
20190701,폭스바겐,207000,11.2
20191101,렉서스,236000,13.4
20151001,폭스바겐,169000,10.8
20171101,벤츠,224000,13.6
20210201,아큐라,365000,8.8
20210201,폭스바겐,200000,11.8
20170301,재규어,237000,10.2
20181001,아우디,200000,12.9
20170801,토요타,179000,11.9
20200901,닛산,157000,10.0
20201201,혼다,209000,13.2
20190901,토요타,176000,9.7
20240201,볼보,218000,15.1
20190101,벤츠,216000,13.8
20231001,푸조,197000,12.7
20211001,렉서스,235000,15.0
20230501,아우디,204000,13.4
20180601,Chevrolet,168000,10.1
20221001,BMW,214000,14.2
20221201,벤츠,225000,14.5
20201201,닛산,177000,10.5
20240501,토요타,180000,10.8
20170701,볼보,200000,15.9
20211001,폭스바겐,207000,12.5
20180701,혼다,185000,10.5
20180201,혼다,192000,10.9
20221001,닛산,189000,11.7
20190201,토요타,187000,10.4
20170301,BMW,231000,13.9
20211001,포드,187000,12.8
20220801,닛산,217000,11.1
20190701,마쯔다,418000,12.8
20190601,폭스바겐,201000,11.0
20230501,BMW,214000,14.4
20210501,벤츠,222000,14.4
20211201,아큐라,154000,17.6
20151101,재규어,278000,10.5
20181001,폭스바겐,201000,11.1
20201201,링컨,201000,13.9
20240601,BMW,222000,15.3
20240401,볼보,236000,15.4
20240601,토요타,196000,11.6
20210701,아우디,198000,13.8
20200401,Chevrolet,234000,19.2
20170401,푸조,182000,9.4
20200601,폭스바겐,201000,11.8
20180101,BMW,221000,14.9
20180201,토요타,193000,10.6
20200201,토요타,184000,10.2
20211101,렉서스,239000,15.3
20200301,렉서스,249000,13.7
20220401,포르쉐,163000,14.4
20181001,렉서스,207000,12.9
20200101,토요타,191000,10.5
20180801,폭스바겐,182000,11.0
20191201,푸조,213000,11.9
20201001,BMW,209000,13.9
20160501,폭스바겐,192000,10.4
20230601,마쯔다,151000,11.2
20240201,사이언,217000,17.1
20210101,사브,166000,17.0
20230301,스즈키,181000,9.4
20210901,닛산,194000,11.3
20160501,크라이슬러,189000,11.8
20220101,다이하쓰,136000,14.8
20210901,폭스바겐,207000,12.1
20231201,푸조,207000,13.0
20180901,아우디,197000,12.1
20220201,아큐라,178000,13.3
20240401,아큐라,291000,12.4
20200301,아큐라,163000,10.6
20200901,크라이슬러,198000,13.6
20171101,아우디,209000,12.7
20240201,포르쉐,185000,14.9
20210501,미니,165000,11.8
20180401,재규어,184000,13.7
20221201,사이언,114000,14.2
20181001,마쯔다,171000,12.5
20200401,재규어,188000,9.9
20160701,사이언,112000,6.5
20180301,지프,224000,14.4
20170801,폰티악,123000,17.7
20180101,포드,185000,13.0
20190301,포드,193000,13.8
20210401,Chevrolet,290000,17.5
20200201,닛산,155000,10.5
20160601,크라이슬러,184000,12.2
20190901,미쓰비시,146000,9.6
20240401,지프,212000,14.4
20220401,마쯔다,148000,12.8
20220201,닛산,177000,11.3
20190601,GMC,280000,9.2
20210701,머큐리,210000,7.7
20170901,스바루,175000,13.5
20181001,폰티악,274000,5.9
20200901,포르쉐,195000,10.6
20170901,아우디,188000,12.8
20180801,닷지,214000,19.5
20170601,미쓰비시,142000,12.4
20150901,Chevrolet,254000,17.2
20200801,미니,172000,12.0
20210501,닛산,178000,11.0
20211201,포드,179000,12.7
20171101,지프,179000,17.0
20240201,스즈키,197000,12.9
20160501,지프,240000,14.7
20191101,미쓰비시,139000,14.3
20171001,렉서스,208000,13.3
20180601,스바루,248000,12.9
20240501,인피니티,209000,14.6
20210201,아우디,201000,12.7
20221101,랜드로버,215000,13.3
20160601,아우디,220000,12.5
20240501,아우디,208000,14.3
20190801,캐딜락,186000,13.3
20220401,벤츠,227000,15.4
20160101,혼다,162000,9.7
20191201,아큐라,162000,9.3
20160401,닷지,199000,15.1
20240601,닷지,224000,16.0
20181201,미쓰비시,196000,10.1
20230901,Chevrolet,274000,18.1
20151201,재규어,181000,9.3
20160301,캐딜락,265000,14.5
20170701,폰티악,179000,5.9
20171201,인피니티,189000,9.4
20160401,새턴,200000,8.8
20200501,미쓰비시,187000,13.1
20230801,새턴,180000,10.0
20230701,지프,200000,14.6
20200901,링컨,214000,11.8
20191001,아큐라,201000,12.2
20171201,랜드로버,165000,13.0
20211001,닛산,181000,11.2
20210701,GMC,123000,18.3
20180501,이글,230000,22.5
20210501,닷지,207000,19.1
20210601,랜드로버,258000,17.0
20170501,벤츠,248000,14.2
20170701,미쓰비시,156000,8.8
20161201,지프,223000,14.5
20220401,폰티악,142000,10.8
20150801,BMW,227000,13.4
20220401,미니,146000,12.4
20170601,미니,161000,7.8
20150901,토요타,209000,16.0
20170301,미니,128000,8.3
20230601,인피니티,203000,13.8
20180801,스바루,315000,12.3
20210901,지프,237000,15.3
20161001,스마트,140000,6.0
20151101,아우디,193000,13.1
20231001,시트로엥,172000,7.6
20230701,시트로엥,124000,10.5
20180901,시트로엥,129000,6.0
20211101,시트로엥,123000,7.3
20180701,크라이슬러,193000,13.0
20190901,크라이슬러,197000,12.7
20230601,크라이슬러,215000,15.0
20211101,크라이슬러,208000,14.1
20180301,크라이슬러,196000,13.5
20171001,크라이슬러,175000,12.1
20221201,크라이슬러,203000,14.7
20240501,지프,231000,14.3
20181101,링컨,169000,13.3
20180301,링컨,193000,12.5
20240501,링컨,205000,13.0
20210601,링컨,191000,12.8
20180401,링컨,201000,11.3
20210201,포드,187000,12.1
20200101,포드,193000,12.8
20221101,링컨,219000,12.6
20240401,링컨,212000,13.0
20150701,링컨,236000,12.8
20220601,시트로엥,262000,8.6
20190101,포르쉐,138000,10.7
20160201,지프,202000,15.8
20200601,지프,232000,13.2
20170201,지프,214000,13.8
20161001,지프,178000,10.8
20180601,포드,192000,12.7
20201101,캐딜락,189000,14.0
20220101,캐딜락,174000,15.0
20211101,캐딜락,193000,15.0
20190701,캐딜락,217000,15.1
20161001,캐딜락,188000,11.3
20200501,캐딜락,186000,12.0
20200901,캐딜락,178000,14.1
20210701,캐딜락,212000,12.7
20150901,캐딜락,186000,15.8
20240101,캐딜락,176000,14.0
20160401,아우디,202000,14.1
20190301,푸조,195000,11.9
20151001,푸조,173000,10.0
20160501,푸조,184000,12.2
20200901,푸조,206000,12.2
20210101,푸조,211000,12.3
20200401,푸조,205000,12.1
20240401,푸조,200000,13.6
20161101,포르쉐,133000,16.0
20200901,닷지,199000,14.9
20181001,지프,237000,12.7
20220901,피아트,133000,6.8
20230901,피아트,130000,8.6
20240201,피아트,260000,6.9
20240501,캐딜락,189000,13.6
20200101,사브,186000,16.7
20210301,사브,180000,17.6
20181201,사브,211000,16.1
20181001,사브,223000,16.6
20210601,사브,180000,17.3
20180701,사브,175000,15.1
20160101,사브,185000,15.0
20160601,사브,228000,16.4
20180601,푸조,184000,11.3
20160901,지프,224000,15.9
20210801,닷지,202000,13.3
20160901,링컨,195000,12.7
20160701,링컨,197000,12.5
20191101,사브,237000,17.4
20210601,시트로엥,113000,6.6
20230401,캐딜락,210000,13.0
20230501,피아트,136000,9.0
20230701,피아트,203000,9.0
20220501,피아트,185000,17.5
20210401,재규어,208000,11.4
20220501,재규어,176000,11.8
20190401,재규어,156000,12.8
20221101,재규어,187000,11.5
20221201,재규어,185000,11.7
20210901,재규어,196000,12.3
20200101,볼보,192000,14.8
20161201,볼보,222000,13.5
20231001,볼보,219000,15.2
20190101,볼보,216000,14.5
20160801,렉서스,222000,12.0
20220901,벤틀리,185000,12.0
20220801,벤틀리,134000,11.9
20221001,재규어,191000,12.2
20220101,벤틀리,241000,13.5
20180301,벤틀리,133000,8.2
20161201,재규어,179000,13.3
20160701,랜드로버,253000,13.8
20230801,랜드로버,255000,13.5
20220801,랜드로버,189000,11.1
20230701,랜드로버,225000,11.6
20210901,랜드로버,235000,15.6
20190201,랜드로버,275000,15.7
20171001,랜드로버,261000,13.3
20170101,랜드로버,195000,15.5
20180501,랜드로버,315000,15.3
20160501,랜드로버,196000,13.3
20180601,재규어,229000,12.9
20160101,재규어,123000,10.5
20240401,마세라티,160000,7.1
20170301,인피니티,169000,9.3
20231201,인피니티,212000,14.7
20190501,인피니티,172000,10.0
20181201,인피니티,191000,10.9
20181101,인피니티,170000,10.5
20170901,인피니티,164000,9.0
20201101,인피니티,218000,12.8
20200101,인피니티,193000,12.1
20170401,재규어,137000,10.4
20151201,인피니티,123000,7.5
20180601,포르쉐,313000,12.3
20230401,스바루,248000,11.4
20160901,스바루,110000,6.0
20201001,스바루,192000,9.1
20230901,스바루,241000,12.4
20200501,스바루,238000,8.3
20181001,스바루,265000,8.2
20220101,스바루,130000,10.5
20240201,닛산,189000,12.8
20170601,닛산,147000,10.4
20220501,포르쉐,245000,16.1
20201201,포르쉐,142000,10.8
20160801,닛산,161000,8.9
20151101,포르쉐,119000,7.3
20191001,포르쉐,162000,11.2
20240501,미쓰비시,177000,13.8
20161101,미쓰비시,108000,7.6
20170801,미쓰비시,154000,14.3
20231001,미쓰비시,174000,12.7
20210101,미쓰비시,160000,12.9
20151201,미쓰비시,132000,12.6
20200801,미쓰비시,133000,11.1
20230801,미쓰비시,141000,13.3
20220101,미쓰비시,189000,12.8
20230201,북기은상,176000,5.6
20231101,북기은상,112000,6.2
20240101,북기은상,103000,6.2
20240601,북기은상,103000,7.3
20211201,마세라티,111000,5.4
20230301,마이바흐,245000,18.8
20230301,스마트,184000,14.8
20150901,스마트,358000,10.3
20201001,스마트,229000,12.2
20171101,미쓰비시,148000,14.0
20181201,포르쉐,134000,11.3
20220201,스마트,174000,12.7
20180401,랜드로버,208000,16.4
20200301,미쓰비시,239000,18.8
20160101,폰티악,128000,19.2
20190201,폰티악,123000,21.3
20200401,이글,133000,22.6
20190501,이스즈,177000,25.3
20210201,스즈키,184000,23.3
20220101,Chevrolet,311000,20.9
20161001,피아트,153000,22.2
20160501,란치아,111000,18.7
20200901,란치아,232000,24.2
20210101,란치아,289000,23.2
20211001,란치아,187000,24.7
20210801,이글,190000,25.2
20191001,Chevrolet,189000,24.6
20151001,Chevrolet,200000,20.7
20150901,시트로엥,121000,17.3
20180901,Chevrolet,215000,22.7
20221001,올즈모빌,153000,26.5
20201101,Chevrolet,201000,23.4
20181001,머큐리,108000,26.8
20210901,머큐리,167000,26.2
20170101,머큐리,177000,18.0
20161001,머큐리,167000,24.0
20170901,머큐리,233000,22.8
20191201,미쓰비시,177000,17.6
20200901,마쯔다,151000,18.1
20170601,오펠,155000,13.7
20240401,스즈키,123000,15.9
20240401,Chevrolet,201000,16.5
20180701,스마트,115000,9.5
20220701,알파로메오,147000,13.5
20190801,마쯔다,172000,11.1
20200301,스즈키,135000,9.8
20190801,알파로메오,157000,9.8
20160501,피아트,104000,15.1
20150701,르노,136000,7.2
20160101,미쓰비시,210000,15.3
20240101,머큐리,180000,21.3
20240401,다이하쓰,179000,12.7
20220301,스즈키,156000,11.0
20240501,스즈키,114000,14.8
20160101,마쯔다,152000,14.8
20160601,이스즈,233000,15.2
20220501,마쯔다,142000,21.7
20190701,스마트,100000,7.5
20201001,재규어,191000,11.3
20220301,BMW,223000,14.7
20181201,BMW,217000,14.5
20230401,렉서스,220000,15.9
20170301,혼다,197000,10.4
20220501,벤츠,230000,15.0
20190801,아우디,189000,12.2
20200701,BMW,212000,13.5
20220201,포드,196000,12.3
20221201,머큐리,130000,14.9
20180301,뷰익,185000,5.8
20230201,닷지,180000,17.3
20160201,볼보,207000,14.9
20221201,토요타,195000,11.7
20190601,아우디,211000,13.1
20231001,인피니티,205000,14.7
20170401,혼다,174000,10.4
20161001,아큐라,197000,12.6
20170601,포드,196000,12.9
20211201,볼보,221000,15.1
20231201,토요타,208000,12.1
20230301,폭스바겐,221000,13.2
20160401,렉서스,193000,11.0
20210201,혼다,219000,13.3
20210801,포드,193000,12.8
20200901,토요타,184000,10.5
20181101,혼다,214000,11.6
20151101,폰티악,250000,15.8
20170601,닷지,234000,19.0
20191001,벤츠,213000,13.3
20201101,혼다,209000,13.0
20211201,GMC,150000,13.0
20211201,아우디,200000,13.0
20190201,혼다,212000,11.1
20160301,볼보,214000,15.8
20211101,지프,222000,14.4
20190501,지프,236000,15.3
20191201,포드,178000,12.9
20201101,BMW,219000,13.9
20210701,포드,198000,13.0
20200901,포드,200000,12.5
20220501,포드,204000,12.3
20160301,토요타,204000,13.0
20210401,지프,246000,14.6
20150701,볼보,222000,13.9
20160801,지프,199000,17.5
20161101,벤츠,244000,13.7
20190701,지프,231000,14.7
20151001,포드,202000,13.3
20180401,토요타,192000,11.0
20180801,마쯔다,123000,8.8
20220801,폭스바겐,206000,12.4
20151101,혼다,178000,10.3
20220201,닷지,186000,14.0
20200101,캐딜락,182000,13.1
20231001,BMW,222000,14.4
20190601,포드,184000,13.3
20201101,닷지,174000,17.1
20240401,아우디,213000,14.3
20210201,렉서스,230000,14.4
20180301,마쯔다,311000,6.7
20240301,볼보,216000,15.1
20181201,폭스바겐,193000,11.5
20210901,혼다,222000,13.5
20230301,토요타,203000,12.5
20170701,폭스바겐,187000,10.2
20200601,닛산,178000,10.0
20220301,폭스바겐,219000,12.2
20240301,폭스바겐,224000,13.6
20170201,닛산,177000,8.2
20180601,토요타,206000,12.2
20210601,닛산,161000,11.2
20230801,토요타,191000,11.6
20220701,아우디,201000,13.4
20200701,미니,158000,10.5
20190401,사브,194000,15.2
20221001,포르쉐,194000,14.0
20220301,벤츠,229000,15.0
20211001,아우디,211000,13.1
20220101,혼다,209000,13.5
20220401,BMW,221000,14.9
20171001,토요타,169000,11.2
20191201,닛산,158000,9.5
20170301,볼보,198000,14.9
20220901,BMW,204000,13.1
20191101,토요타,183000,11.3
20151201,아우디,194000,12.9
20180101,캐딜락,175000,13.4
20190301,아우디,199000,12.1
20240201,GMC,122000,17.8
20230901,벤츠,227000,14.3
20240101,렉서스,219000,16.8
20230901,미쓰비시,134000,13.3
20171101,폭스바겐,183000,10.0
20230201,아우디,211000,13.3
20190901,혼다,199000,11.7
20240501,볼보,220000,15.9
20181101,벤츠,220000,14.0
20210901,스마트,157000,10.8
20180801,토요타,163000,9.0
20190201,벤츠,225000,14.1
20230801,닛산,193000,12.3
20160801,아우디,207000,13.3
20171001,아우디,177000,13.1
20170701,벤츠,232000,13.8
20231001,렉서스,237000,16.8
20200701,렉서스,225000,14.0
20200801,인피니티,182000,12.2
20220801,벤츠,211000,13.1
20180101,폭스바겐,204000,10.5
20220901,허머,222000,9.5
20201101,볼보,231000,14.7
20170401,크라이슬러,191000,12.1
20231001,토요타,206000,11.2
20210501,렉서스,231000,14.7
20180201,크라이슬러,179000,12.8
20220701,스즈키,188000,10.3
20191101,BMW,215000,13.4
20230801,아우디,207000,13.4
20220501,닛산,195000,12.4
20180301,렉서스,243000,12.4
20220701,BMW,218000,14.3
20200401,닛산,176000,10.9
20201101,토요타,170000,10.5
20210101,벤츠,220000,14.4
20231201,렉서스,218000,15.8
20191101,폭스바겐,202000,11.0
20161001,폭스바겐,175000,11.4
20180901,닛산,153000,9.9
20230401,아우디,205000,13.5
20160901,폭스바겐,179000,9.6
20230401,닛산,183000,12.3
20200201,스즈키,124000,9.9
20190501,아큐라,187000,8.1
20150801,폭스바겐,188000,11.2
20190301,토요타,173000,10.3
20220301,닛산,197000,11.1
20170901,올즈모빌,110000,7.8
20220501,볼보,202000,15.8
20170401,포드,191000,13.1
20230301,사브,157000,16.7
20161201,랜드로버,230000,12.6
20160701,미쓰비시,165000,11.4
20160701,아우디,216000,13.3
20160301,머큐리,291000,18.9
20230801,렉서스,234000,16.7
20200801,지프,230000,13.5
20160601,새턴,290000,5.1
20190201,볼보,205000,13.6
20231101,푸조,205000,12.4
20180901,크라이슬러,209000,12.6
20170501,아큐라,136000,9.8
20180301,아큐라,194000,12.0
20190501,푸조,220000,11.4
20190401,지프,243000,14.8
20221001,푸조,199000,12.2
20150701,이스즈,158000,11.9
20200701,지프,230000,13.6
20170401,스바루,151000,5.7
20230701,인피니티,201000,14.3
20160601,스바루,159000,6.1
20231001,미니,166000,12.6
20191101,크라이슬러,200000,13.0
20221101,토요타,174000,10.9
20160501,머큐리,153000,16.1
20191201,닷지,174000,16.2
20151201,렉서스,214000,11.6
20220801,아큐라,179000,14.8
20211201,인피니티,210000,13.6
20151101,캐딜락,195000,12.9
20200901,아큐라,134000,7.2
20170601,볼보,192000,13.6
20151001,아큐라,251000,12.2
20230201,마쯔다,148000,9.3
20180801,닛산,179000,9.1
20160701,볼보,213000,14.4
20151001,닷지,250000,17.2
20151201,닷지,211000,16.1
20210201,크라이슬러,195000,13.5
20230401,미니,167000,12.9
20190401,포드,188000,12.5
20210701,새턴,290000,16.0
20220701,포드,186000,12.8
20221001,지프,229000,14.2
20210701,볼보,221000,15.1
20180101,사브,206000,17.3
20230201,포드,195000,12.7
20180101,LADA,290000,5.8
20240101,스바루,229000,11.6
20231201,스바루,229000,10.1
20171201,포르쉐,152000,7.3
20200801,닛산,166000,10.7
20161001,크라이슬러,169000,12.2
20151101,포드,198000,11.9
20210701,뷰익,300000,6.3
20160801,포드,180000,12.4
20161001,포드,196000,14.0
20181001,미니,128000,9.0
20220501,미니,150000,12.3
20200601,미니,148000,11.6
20161201,미니,160000,10.0
20171201,미니,148000,9.2
20161101,렉서스,197000,11.2
20180401,마쯔다,165000,13.3
20190201,인피니티,179000,10.7
20220801,푸조,204000,12.8
20170101,미니,129000,11.3
20180301,폭스바겐,208000,11.3
20231101,시트로엥,183000,9.2
20240601,시트로엥,149000,9.6
20230601,시트로엥,180000,8.7
20231201,시트로엥,191000,9.5
20190401,크라이슬러,185000,13.0
20210101,크라이슬러,206000,13.7
20240101,지프,196000,12.2
20210301,지프,251000,14.7
20220801,지프,240000,14.5
20190501,링컨,211000,11.8
20180901,링컨,189000,11.7
20220401,포드,189000,14.1
20240201,포드,196000,13.4
20170101,포드,179000,13.7
20230801,포드,188000,12.9
20170501,링컨,188000,12.2
20230301,링컨,212000,12.7
20200101,링컨,182000,12.9
20160301,링컨,178000,12.3
20221201,링컨,226000,12.2
20210501,링컨,208000,12.1
20211001,링컨,173000,13.7
20230701,링컨,204000,12.5
20191201,링컨,193000,12.0
20231201,링컨,206000,13.2
20231001,링컨,205000,13.2
20190201,링컨,191000,13.2
20181201,링컨,193000,13.5
20160801,링컨,202000,13.0
20161201,폭스바겐,186000,10.2
20160101,크라이슬러,200000,11.4
20170101,지프,238000,16.7
20191101,지프,260000,13.2
20220201,지프,191000,14.3
20180301,포드,170000,13.7
20221201,캐딜락,163000,14.3
20210501,캐딜락,208000,13.7
20170301,캐딜락,218000,12.3
20180301,캐딜락,200000,14.1
20200601,캐딜락,178000,14.7
20180601,캐딜락,176000,13.8
20220701,캐딜락,192000,15.4
20150701,캐딜락,263000,15.6
20170701,푸조,196000,11.3
20220101,푸조,203000,12.7
20230301,푸조,207000,13.1
20170601,푸조,200000,10.4
20210901,푸조,194000,12.3
20240601,푸조,199000,13.1
20200101,포르쉐,184000,15.7
20200201,지프,219000,12.7
20161201,사브,203000,15.9
20160701,사브,164000,15.4
20200601,사브,202000,18.0
20161001,사브,186000,15.9
20230601,사브,211000,20.1
20160701,푸조,216000,10.4
20160801,푸조,212000,9.4
20230301,닷지,237000,17.7
20200301,닷지,219000,14.4
20240401,닷지,170000,15.0
20151101,닷지,203000,15.8
20230501,사브,183000,18.7
20180201,사브,212000,17.7
20200301,시트로엥,120000,5.3
20160501,캐딜락,178000,14.7
20220901,마이바흐,152000,16.4
20170501,지프,250000,15.5
20210601,피아트,123000,7.6
20210701,피아트,199000,7.3
20220101,재규어,205000,12.6
20230701,재규어,194000,11.6
20160701,재규어,184000,8.9
20211201,재규어,186000,12.5
20240501,재규어,209000,12.1
20161001,렉서스,209000,11.8
20160901,렉서스,216000,12.2
20240301,벤틀리,164000,12.4
20201201,벤틀리,308000,13.0
20211101,벤틀리,221000,13.8
20190901,재규어,173000,9.0
20230901,랜드로버,220000,13.8
20221201,랜드로버,228000,15.1
20240501,랜드로버,231000,13.2
20210701,랜드로버,207000,11.8
20190601,랜드로버,196000,14.4
20200301,랜드로버,259000,15.0
20190901,랜드로버,212000,12.1
20151101,랜드로버,204000,12.8
20151001,랜드로버,211000,12.6
20180601,랜드로버,185000,15.8
20181001,랜드로버,231000,14.8
20161001,재규어,213000,10.5
20221001,FOTON,148000,6.1
20240101,마세라티,114000,7.6
20210701,포르쉐,136000,14.1
20210901,포르쉐,117000,11.6
20240301,인피니티,205000,15.0
20180401,인피니티,155000,10.7
20221001,인피니티,196000,14.3
20170201,인피니티,146000,9.6
20211101,포르쉐,156000,14.4
20230101,포르쉐,214000,11.6
20210801,스바루,124000,10.1
20210101,스바루,103000,10.3
20221101,스바루,177000,11.5
20220801,스바루,274000,10.8
20180201,스바루,109000,7.2
20240501,스바루,219000,12.9
20210901,스바루,204000,9.9
20180901,스바루,183000,6.7
20170301,스바루,158000,5.3
20190501,스바루,106000,7.3
20190801,스바루,130000,8.3
20190501,포르쉐,130000,11.5
20220801,포르쉐,133000,8.8
20240401,미쓰비시,199000,18.4
20180501,미쓰비시,149000,10.9
20230301,미쓰비시,183000,14.0
20221101,북기은상,149000,5.8
20240201,북기은상,108000,6.1
20230401,북기은상,104000,5.6
20210601,포르쉐,198000,8.7
20240601,스마트,127000,8.0
20231101,Chevrolet,165000,16.8
20201201,스마트,183000,14.0
20160301,미쓰비시,193000,14.5
20230601,알파로메오,126000,17.5
20151201,닛산,137000,9.9
20190301,포르쉐,142000,11.6
20151001,오펠,119000,7.8
20181101,스마트,182000,12.6
20160301,폰티악,122000,18.7
20200901,이글,162000,22.9
20190401,이스즈,122000,25.1
20220101,폰티악,182000,27.3
20181001,Chevrolet,176000,17.9
20151201,시트로엥,172000,17.8
20181101,란치아,216000,21.2
20170801,시트로엥,250000,14.6
20160201,뷰익,263000,21.0
20171101,머큐리,152000,19.2
20200501,이글,219000,23.8
20211001,Chevrolet,144000,25.1
20170201,랜드로버,133000,21.3
20200701,폰티악,100000,25.7
20150901,재규어,186000,13.1
20180901,마쯔다,112000,16.7
20151101,머큐리,169000,21.3
20180301,머큐리,245000,23.4
20160701,머큐리,350000,22.8
20240601,머큐리,322000,29.8
20180401,머큐리,206000,23.8
20180201,머큐리,212000,23.4
20160601,마쯔다,202000,13.0
20180401,미쓰비시,184000,14.3
20150901,닛산,261000,13.1
20220701,스마트,182000,18.6
20180401,스마트,121000,14.8
20180701,마쯔다,146000,15.3
20190301,마쯔다,460000,16.1
20170401,미쓰비시,121000,7.3
20230301,GMC,210000,14.8
20180701,사이언,157000,11.1
20231001,스마트,245000,14.3
20180201,스마트,121000,8.9
20181001,이스즈,105000,21.7
20180101,이스즈,118000,16.4
20210901,르노,248000,17.8
20230901,사이언,138000,15.8
20180501,사이언,135000,8.6
20180601,아큐라,112000,9.8
20181001,스마트,106000,8.8
20160201,마쯔다,107000,14.7
20230701,스즈키,114000,9.2
20200301,벤츠,223000,14.3
20230801,볼보,233000,15.7
20230801,캐딜락,186000,13.7
20221101,닛산,201000,12.2
20171101,토요타,209000,12.7
20210101,포드,195000,13.0
20201201,폭스바겐,207000,11.7
20170701,인피니티,165000,9.3
20181201,혼다,181000,10.8
20171201,포드,202000,13.8
20171201,BMW,228000,14.8
20150801,포드,208000,11.9
20201001,볼보,231000,14.7
20230301,렉서스,230000,15.8
20190401,볼보,215000,14.8
20190601,혼다,207000,11.9
20170101,아우디,196000,12.6
20190801,토요타,179000,11.0
20211001,닷지,246000,17.4
20170101,혼다,189000,11.0
20170601,BMW,229000,13.7
20160101,뷰익,224000,8.7
20191001,포드,186000,12.9
20210901,아우디,200000,12.8
20220301,렉서스,233000,15.3
20161001,아우디,201000,12.9
20230801,닷지,205000,17.6
20211101,아우디,206000,13.2
20180501,폭스바겐,200000,10.5
20210201,BMW,216000,13.9
20240301,벤츠,218000,15.0
20230801,혼다,209000,15.0
20160201,Chevrolet,243000,14.5
20210401,마쯔다,148000,12.0
20230701,볼보,230000,15.3
20220901,토요타,177000,10.7
20190901,포드,177000,12.5
20211001,볼보,242000,15.1
20230401,폭스바겐,222000,13.4
20240301,혼다,218000,15.3
20160401,Chevrolet,165000,13.8
20180701,캐딜락,202000,14.5
20200701,닷지,229000,18.2
20200601,렉서스,239000,14.4
20170101,크라이슬러,184000,13.1
20240201,벤츠,211000,14.9
20180501,토요타,201000,9.9
20210901,포드,196000,12.8
20151201,볼보,185000,13.1
20181001,벤츠,218000,13.8
20151001,미쓰비시,161000,14.5
20160901,포드,195000,13.3
20180701,렉서스,232000,13.4
20210101,폭스바겐,214000,11.7
20150901,볼보,204000,13.4
20181201,닷지,222000,14.4
20240401,닛산,188000,13.0
20231101,혼다,206000,15.1
20200301,아우디,201000,12.7
20181101,폰티악,162000,22.5
20200901,벤츠,221000,13.6
20240401,포드,183000,12.5
20240401,포르쉐,213000,12.2
20211001,벤츠,231000,14.3
20220601,렉서스,254000,16.1
20220201,혼다,218000,14.1
20210501,토요타,237000,10.0
20170201,토요타,160000,9.7
20210701,폰티악,221000,9.1
20210101,렉서스,232000,14.6
20180901,BMW,212000,13.0
20190201,아우디,206000,12.5
20221201,Chevrolet,151000,9.3
20240601,폭스바겐,218000,13.4
20170901,혼다,207000,10.3
20200101,닷지,218000,15.8
20190501,벤츠,213000,14.1
20201201,푸조,199000,12.0
20200401,인피니티,183000,12.3
20180201,렉서스,229000,12.3
20180701,폭스바겐,199000,11.1
20170801,뷰익,160000,8.7
20230801,벤츠,220000,14.4
20220301,토요타,201000,12.0
20190501,폭스바겐,193000,10.8
20160601,토요타,195000,14.3
20230501,닛산,185000,12.1
20170301,푸조,199000,10.8
20230601,아우디,202000,13.5
20230101,아우디,206000,13.2
20210401,볼보,227000,15.4
20170501,혼다,196000,10.9
20230601,혼다,228000,15.2
20160601,렉서스,203000,10.9
20200501,아우디,191000,12.4
20161201,벤츠,230000,14.2
20231101,미니,160000,12.9
20230101,사이언,115000,11.8
20210601,닷지,179000,14.2
20240501,벤츠,215000,14.5
20220401,볼보,217000,15.8
20230301,크라이슬러,216000,14.9
20171201,스즈키,140000,10.1
20200101,아우디,194000,12.2
20220801,토요타,218000,11.1
20170701,포드,187000,12.8
20221101,스마트,200000,14.5
20170101,폭스바겐,195000,10.1
20190501,아우디,197000,12.3
20211001,포르쉐,205000,10.9
20180701,지프,243000,14.0
20201101,지프,241000,14.3
20220301,포르쉐,194000,15.0
20160201,토요타,175000,11.5
20230501,재규어,197000,12.2
20220601,마쯔다,160000,13.8
20190401,폭스바겐,202000,11.0
20230501,렉서스,230000,16.0
20160701,BMW,224000,14.3
20230201,지프,188000,11.9
20240101,아큐라,113000,13.7
20161101,미니,176000,7.8
20170801,폭스바겐,175000,10.9
20210601,미니,157000,10.9
20230901,미니,164000,13.6
20160101,토요타,170000,11.6
20230101,닷지,218000,15.3
20170401,벤츠,228000,15.0
20230601,렉서스,241000,16.3
20171201,아우디,206000,12.9
20160401,링컨,178000,12.2
20220101,닛산,178000,11.9
20201201,벤츠,217000,14.3
20220301,스마트,174000,15.3
20170201,벤츠,223000,13.8
20180401,사이언,188000,6.3
20201101,아큐라,209000,9.7
20220301,인피니티,195000,13.3
20220801,스마트,172000,13.0
20180201,미쓰비시,113000,15.6
20230601,닛산,188000,11.7
20171201,닛산,144000,8.3
20170501,머큐리,171000,19.1
20200701,스즈키,173000,7.6
20200401,미니,175000,12.2
20180601,닷지,229000,18.3
20191001,랜드로버,211000,11.9
20201001,닛산,177000,11.6
20170301,포드,193000,12.7
20170701,닷지,211000,18.8
20240101,인피니티,202000,13.8
20221101,렉서스,238000,15.9
20191101,미니,151000,10.9
20210301,인피니티,192000,12.4
20210801,지프,244000,13.1
20210301,머큐리,128000,13.9
20181101,아우디,187000,12.0
20150701,크라이슬러,197000,11.4
20181101,포드,188000,12.7
20210401,포드,186000,13.3
20200301,스마트,175000,12.6
20240601,인피니티,202000,14.7
20240401,랜드로버,219000,13.2
20240101,마쯔다,120000,14.5
20160601,푸조,191000,9.7
20210901,미니,154000,10.6
20240101,르노,213000,7.0
20170101,닛산,155000,6.9
20211201,링컨,202000,12.5
20210701,닷지,206000,14.2
20210201,미쓰비시,168000,10.3
20210601,Chevrolet,119000,17.0
20221201,미니,163000,12.4
20220101,볼보,209000,14.2
20200501,링컨,200000,13.1
20160101,닷지,232000,16.6
20150701,닷지,242000,18.0
20200701,Chevrolet,198000,19.9
20240201,닷지,168000,15.6
20210201,닷지,220000,15.6
20230401,지프,234000,14.5
20190401,마쯔다,210000,5.8
20190601,Chevrolet,170000,6.9
20240601,포드,187000,12.8
20211201,스바루,175000,11.5
20170401,아우디,211000,13.2
20240501,올즈모빌,220000,22.5
20170201,링컨,197000,10.7
20230901,아우디,212000,13.8
20240201,푸조,197000,12.0
20180201,링컨,193000,12.4
20211101,인피니티,216000,13.4
20160901,닛산,183000,8.1
20180901,볼보,203000,14.8
20180101,폰티악,228000,10.7
20200201,사이언,104000,11.4
20191101,포드,185000,12.4
20151201,벤츠,216000,14.2
20160501,렉서스,216000,10.9
20170801,볼보,215000,14.6
20190501,폰티악,137000,9.4
20200301,미니,160000,11.9
20211201,미니,155000,13.0
20171101,미니,133000,8.6
20180401,미니,156000,12.4
20161001,미니,178000,9.8
20190501,미니,154000,10.0
20170901,미니,123000,9.0
20181001,미쓰비시,140000,11.9
20200401,스즈키,103000,5.9
20160401,미니,129000,7.3
20190601,닛산,173000,10.3
20160701,폰티악,197000,17.1
20191101,닛산,182000,10.7
20180501,미니,169000,12.7
20160801,미니,126000,10.9
20151201,미니,103000,9.0
20220801,시트로엥,182000,9.1
20220901,시트로엥,169000,7.6
20200501,크라이슬러,202000,13.7
20170601,크라이슬러,192000,12.2
20221101,지프,208000,14.2
20230301,지프,237000,13.9
20191101,링컨,189000,11.9
20230901,링컨,212000,12.3
20200801,링컨,210000,12.0
20170801,링컨,176000,12.3
20230601,링컨,221000,12.4
20200401,포드,198000,13.1
20220301,링컨,211000,13.2
20171201,링컨,206000,13.9
20201001,링컨,177000,12.2
20240601,링컨,197000,12.7
20190301,링컨,192000,10.6
20151001,링컨,193000,9.9
20170601,링컨,199000,12.5
20151101,폭스바겐,184000,9.5
20211201,시트로엥,156000,8.0
20180901,포르쉐,161000,9.5
20201001,지프,214000,14.3
20171001,지프,280000,13.8
20151001,지프,178000,14.5
20210401,캐딜락,202000,13.9
20220401,캐딜락,210000,15.3
20180201,캐딜락,201000,13.5
20201201,캐딜락,192000,14.2
20200801,캐딜락,161000,13.9
20171101,캐딜락,189000,12.4
20181201,캐딜락,159000,12.5
20200401,캐딜락,187000,12.0
20230301,캐딜락,210000,13.7
20160801,캐딜락,179000,12.2
20160601,캐딜락,205000,11.5
20240201,캐딜락,178000,13.0
20221201,푸조,189000,12.0
20200801,푸조,212000,12.4
20210501,푸조,195000,12.3
20200201,푸조,184000,12.2
20220601,푸조,199000,12.2
20170801,푸조,176000,10.4
20180501,푸조,203000,12.1
20171201,푸조,199000,11.1
20161201,푸조,172000,10.3
20210601,푸조,206000,12.7
20200501,푸조,196000,12.4
20160101,푸조,175000,9.6
20220501,푸조,200000,12.9
20210301,포르쉐,199000,12.5
20231001,닷지,246000,17.6
20160701,닷지,206000,17.3
20220601,닷지,206000,15.9
20151101,지프,220000,15.2
20180401,사브,201000,17.1
20210701,사브,194000,17.9
20240601,사브,223000,18.5
20170701,사브,184000,14.7
20170501,사브,213000,15.5
20160901,사브,194000,17.1
20170901,사브,188000,16.5
20220201,사브,219000,17.8
20210201,사브,161000,15.6
20150801,사브,213000,16.6
20150901,크라이슬러,181000,11.7
20210101,닷지,158000,14.0
20180501,닷지,191000,15.4
20150901,닷지,237000,17.1
20180101,닷지,235000,17.6
20160801,닷지,192000,17.6
20161101,닷지,196000,17.4
20171201,사브,216000,17.9
20190101,지프,231000,13.5
20150801,지프,211000,15.3
20180901,캐딜락,135000,12.6
20240501,피아트,168000,10.4
20240601,재규어,188000,11.5
20191201,재규어,186000,11.3
20211001,재규어,191000,10.5
20230301,재규어,198000,12.1
20190601,재규어,179000,11.2
20180601,볼보,205000,13.5
20240101,볼보,206000,15.2
20190601,볼보,206000,14.9
20220601,볼보,219000,15.2
20221101,볼보,230000,14.3
20191201,볼보,207000,13.5
20151101,볼보,182000,15.7
20230701,렉서스,227000,16.5
20171201,렉서스,246000,12.8
20221101,벤틀리,214000,13.8
20220201,벤틀리,101000,11.7
20190701,재규어,164000,11.4
20240301,랜드로버,237000,14.1
20231101,랜드로버,225000,12.9
20190301,랜드로버,231000,15.1
20210201,랜드로버,236000,14.6
20160201,랜드로버,168000,7.9
20190701,랜드로버,195000,14.4
20170901,랜드로버,190000,11.6
20181101,랜드로버,200000,12.6
20160301,랜드로버,290000,12.8
20180301,재규어,160000,12.6
20150801,재규어,170000,10.3
20240601,마세라티,173000,9.3
20240501,마세라티,134000,8.5
20211101,마세라티,116000,7.0
20220301,마세라티,183000,7.5
20231001,마세라티,194000,7.3
20230901,포르쉐,180000,11.9
20160601,인피니티,194000,9.7
20220901,인피니티,212000,13.5
20221101,인피니티,202000,13.6
20201201,인피니티,195000,12.1
20170101,인피니티,156000,8.6
20200301,인피니티,204000,12.5
20180301,인피니티,146000,9.7
20151101,인피니티,152000,7.9
20180801,포르쉐,164000,12.2
20191101,포르쉐,171000,13.5
20210501,스바루,282000,9.2
20230501,스바루,213000,12.0
20200601,스바루,205000,8.1
20170801,닛산,151000,10.2
20231201,미쓰비시,197000,14.9
20230601,미쓰비시,178000,14.0
20240301,미쓰비시,219000,14.9
20221201,미쓰비시,214000,12.0
20220801,미쓰비시,175000,12.1
20200101,미쓰비시,167000,9.8
20240501,북기은상,204000,6.6
20221001,북기은상,172000,5.7
20221201,북기은상,121000,5.8
20180101,미쓰비시,221000,13.6
20231101,포르쉐,132000,12.3
20220601,포르쉐,175000,11.3
20210401,포르쉐,302000,9.7
20161101,스마트,165000,10.8
20231201,스마트,190000,14.7
20160201,미쓰비시,206000,13.4
20190801,다이하쓰,106000,10.3
20221001,다이하쓰,162000,15.2
20190801,스마트,140000,10.9
20210501,스마트,169000,12.6
20230201,아큐라,214000,15.8
20230501,폰티악,181000,27.8
20150701,폰티악,143000,19.3
20200701,이글,126000,21.3
20150801,이글,198000,18.2
20160801,피아트,155000,19.8
20160101,이글,407000,20.1
20161201,이글,302000,20.1
20190301,이글,160000,22.7
20150901,포르쉐,171000,14.9
20160601,Chevrolet,149000,17.5
20161001,시트로엥,500000,16.4
20170401,올즈모빌,159000,21.0
20221201,올즈모빌,295000,26.8
20160401,미쓰비시,137000,19.4
20160101,머큐리,145000,21.5
20200601,머큐리,215000,24.8
20210801,스마트,205000,8.5
20210101,마쯔다,199000,18.8
20161001,포르쉐,290000,14.0
20200201,마쯔다,165000,16.8
20230101,Chevrolet,393000,8.5
20160901,스즈키,158000,9.0
20230401,마쯔다,113000,14.6
20200101,사이언,223000,11.9
20201001,스즈키,235000,12.1
20200101,Chevrolet,179000,18.8
20220501,스즈키,138000,13.1
20210101,다이하쓰,190000,9.0
20211101,스즈키,133000,9.1
20220501,허머,224000,9.7
20200301,마쯔다,100000,8.8
